radial_step,angle_deg,gx,gy,gz,bmag
0,0.00,4.241000,-4.405000,0.037000,6.114857
0,1.64,4.247000,-4.408000,0.035000,6.121168
0,3.27,4.248000,-4.408000,0.044000,6.121920
0,4.91,4.244000,-4.404000,0.041000,6.116243
0,6.55,4.241000,-4.406000,0.040000,6.115596
0,8.18,4.235000,-4.407000,0.031000,6.112106
0,9.82,4.241000,-4.405000,0.037000,6.114857
0,11.45,4.247000,-4.408000,0.035000,6.121168
0,13.09,4.248000,-4.408000,0.044000,6.121920
0,14.73,4.244000,-4.404000,0.041000,6.116243
0,16.36,4.241000,-4.406000,0.040000,6.115596
0,18.00,4.235000,-4.407000,0.031000,6.112106
0,19.64,4.241000,-4.405000,0.037000,6.114857
0,21.27,4.245000,-4.404000,0.031000,6.116878
0,22.91,4.241000,-4.406000,0.032000,6.115549
0,24.55,4.240000,-4.411000,0.027000,6.118435
0,26.18,4.240000,-4.409000,0.033000,6.117023
0,27.82,4.238000,-4.408000,0.037000,6.114939
0,29.45,4.237000,-4.405000,0.035000,6.112072
0,31.09,4.236000,-4.412000,0.033000,6.116415
0,32.73,4.240000,-4.407000,0.035000,6.115593
0,34.36,4.245000,-4.399000,0.033000,6.113290
0,36.00,4.245000,-4.410000,0.029000,6.121190
0,37.64,4.236000,-4.402000,0.048000,6.109305
0,39.27,4.242000,-4.399000,0.044000,6.111277
0,40.91,4.240000,-4.403000,0.033000,6.112700
0,42.55,4.242000,-4.408000,0.039000,6.117724
0,44.18,4.238000,-4.406000,0.030000,6.113459
0,45.82,4.247000,-4.402000,0.048000,6.116937
0,47.45,4.241000,-4.411000,0.029000,6.119137
0,49.09,4.244000,-4.406000,0.033000,6.117635
0,50.73,4.244000,-4.412000,0.031000,6.121947
0,52.36,4.239000,-4.406000,0.031000,6.114157
0,54.00,4.244000,-4.401000,0.032000,6.114030
0,55.64,4.241000,-4.408000,0.034000,6.117001
0,57.27,4.242000,-4.408000,0.044000,6.117758
0,58.91,4.239000,-4.407000,0.036000,6.114905
0,60.55,4.247000,-4.409000,0.037000,6.121900
0,62.18,4.241000,-4.405000,0.033000,6.114834
0,63.82,4.244000,-4.405000,0.033000,6.116915
0,65.45,4.243000,-4.406000,0.035000,6.116953
0,67.09,4.244000,-4.410000,0.038000,6.120546
0,68.73,4.243000,-4.403000,0.034000,6.114787
0,70.36,4.230000,-4.387000,-0.018000,6.094177
0,72.00,4.379000,-4.495000,0.047000,6.275578
0,73.64,4.715000,-4.417000,-0.055000,6.460970
0,75.27,4.880000,-4.376000,-0.113000,6.555650
0,76.91,4.880000,-4.325000,-0.154000,6.522556
0,78.55,4.896000,-4.327000,-0.159000,6.535979
0,80.18,5.266000,-4.284000,-0.232000,6.792440
0,81.82,5.854000,-4.158000,-0.351000,7.188983
0,83.45,6.349000,-4.017000,-0.466000,7.527499
0,85.09,6.603000,-3.941000,-0.549000,7.709247
0,86.73,6.874000,-3.858000,-0.609000,7.906132
0,88.36,7.264000,-3.734000,-0.710000,8.198326
0,90.00,7.565000,-3.623000,-0.776000,8.423629
0,91.64,7.916000,-3.487000,-0.877000,8.694329
0,93.27,8.197000,-3.374000,-0.945000,8.914466
0,94.91,8.455000,-3.256000,-1.023000,9.117845
0,96.55,8.795000,-3.086000,-1.098000,9.385149
0,98.18,9.031000,-2.982000,-1.157000,9.580706
0,99.82,9.311000,-2.817000,-1.221000,9.804134
0,101.45,9.525000,-2.694000,-1.277000,9.980681
0,103.09,9.747000,-2.559000,-1.349000,10.167216
0,104.73,10.022000,-2.392000,-1.404000,10.398719
0,106.36,10.282000,-2.198000,-1.492000,10.619642
0,108.00,10.476000,-2.051000,-1.538000,10.785111
0,109.64,10.722000,-1.832000,-1.614000,10.996477
0,111.27,10.906000,-1.669000,-1.659000,11.157001
0,112.91,11.136000,-1.431000,-1.731000,11.360221
0,114.55,11.351000,-1.186000,-1.806000,11.554801
0,116.18,11.514000,-0.984000,-1.845000,11.702328
0,117.82,11.693000,-0.741000,-1.905000,11.870314
0,119.45,11.857000,-0.490000,-1.939000,12.024486
0,121.09,11.975000,-0.262000,-1.997000,12.143199
0,122.73,12.105000,-0.009000,-2.018000,12.272059
0,124.36,12.199000,0.195000,-2.059000,12.373080
0,126.00,12.305000,0.476000,-2.104000,12.492655
0,127.64,12.356000,0.687000,-2.131000,12.557224
0,129.27,12.425000,0.970000,-2.153000,12.647408
0,130.91,12.467000,1.181000,-2.166000,12.708753
0,132.55,12.489000,1.402000,-2.195000,12.757694
0,134.18,12.517000,1.681000,-2.200000,12.819557
0,135.82,12.509000,1.886000,-2.205000,12.841110
0,137.45,12.488000,2.155000,-2.204000,12.862806
0,139.09,12.454000,2.361000,-2.239000,12.872046
0,140.73,12.402000,2.658000,-2.213000,12.875245
0,142.36,12.328000,2.869000,-2.274000,12.860086
0,144.00,12.256000,3.088000,-2.225000,12.833390
0,145.64,12.143000,3.348000,-2.166000,12.780967
0,147.27,12.041000,3.558000,-2.230000,12.752174
0,148.91,11.885000,3.823000,-2.130000,12.665127
0,150.55,11.752000,4.030000,-2.093000,12.598851
0,152.18,11.606000,4.223000,-2.054000,12.520059
0,153.82,11.408000,4.449000,-2.035000,12.412787
0,155.45,11.244000,4.651000,-1.986000,12.328971
0,157.09,10.995000,4.868000,-1.943000,12.180423
0,158.73,10.805000,5.033000,-1.903000,12.070647
0,160.36,10.599000,5.200000,-1.859000,11.951346
0,162.00,10.303000,5.391000,-1.796000,11.766066
0,163.64,10.050000,5.555000,-1.733000,11.613088
0,165.27,9.748000,5.739000,-1.662000,11.433366
0,166.91,9.498000,5.871000,-1.606000,11.280952
0,168.55,9.227000,5.989000,-1.562000,11.110603
0,170.18,8.949000,6.112000,-1.491000,10.939114
0,171.82,8.573000,6.271000,-1.409000,10.714805
0,173.45,8.247000,6.382000,-1.333000,10.512841
0,175.09,7.947000,6.479000,-1.265000,10.331141
0,176.73,7.636000,6.560000,-1.199000,10.138032
0,178.36,7.316000,6.660000,-1.116000,9.956149
0,180.00,6.863000,6.767000,-1.028000,9.692773
0,181.64,6.517000,6.835000,-0.943000,9.490931
0,183.27,6.165000,6.894000,-0.880000,9.290256
0,184.91,5.812000,6.949000,-0.786000,9.093170
0,186.55,5.443000,7.006000,-0.702000,8.899612
0,188.18,4.961000,7.049000,-0.605000,8.640946
0,189.82,4.588000,7.091000,-0.521000,8.461883
0,191.45,4.206000,7.118000,-0.432000,8.279069
0,193.09,3.823000,7.132000,-0.355000,8.099801
0,194.73,3.414000,7.143000,-0.265000,7.921368
0,196.36,2.912000,7.152000,-0.151000,7.723577
0,198.00,2.505000,7.142000,-0.068000,7.568871
0,199.64,2.100000,7.132000,0.021000,7.434774
0,201.27,1.681000,7.108000,0.129000,7.305208
0,202.91,1.275000,7.084000,0.202000,7.200659
0,204.55,0.882000,7.060000,0.295000,7.120994
0,206.18,0.497000,7.032000,0.370000,7.059245
0,207.82,0.112000,6.982000,0.458000,6.997902
0,209.45,-0.294000,6.928000,0.551000,6.956092
0,211.09,-0.704000,6.865000,0.648000,6.931360
0,212.73,-1.087000,6.804000,0.722000,6.928006
0,214.36,-1.546000,6.724000,0.835000,6.949785
0,216.00,-1.928000,6.649000,0.935000,6.985743
0,217.64,-2.288000,6.565000,1.004000,7.024399
0,219.27,-2.642000,6.474000,1.090000,7.076789
0,220.91,-3.013000,6.383000,1.174000,7.155357
0,222.55,-3.459000,6.264000,1.269000,7.267237
0,224.18,-3.817000,6.148000,1.356000,7.362481
0,225.82,-4.161000,6.034000,1.454000,7.472429
0,227.45,-4.495000,5.917000,1.525000,7.585614
0,229.09,-4.812000,5.796000,1.605000,7.702271
0,230.73,-5.234000,5.644000,1.684000,7.879426
0,232.36,-5.546000,5.505000,1.780000,8.014458
0,234.00,-5.866000,5.344000,1.868000,8.152160
0,235.64,-6.177000,5.197000,1.933000,8.300640
0,237.27,-6.514000,5.018000,2.021000,8.467406
0,238.91,-6.955000,4.767000,2.127000,8.696002
0,240.55,-7.289000,4.562000,2.202000,8.876383
0,242.18,-7.608000,4.349000,2.306000,9.061628
0,243.82,-7.861000,4.153000,2.366000,9.200037
0,245.45,-8.097000,3.973000,2.426000,9.339787
0,247.09,-8.351000,3.743000,2.505000,9.488112
0,248.73,-8.531000,3.565000,2.544000,9.589532
0,250.36,-8.715000,3.381000,2.604000,9.703773
0,252.00,-8.883000,3.215000,2.631000,9.806430
0,253.64,-9.022000,3.030000,2.686000,9.888983
0,255.27,-9.202000,2.784000,2.742000,9.997301
0,256.91,-9.331000,2.600000,2.781000,10.077774
0,258.55,-9.446000,2.425000,2.826000,10.153513
0,260.18,-9.566000,2.246000,2.843000,10.229151
0,261.82,-9.663000,2.030000,2.873000,10.283414
0,263.45,-9.760000,1.802000,2.913000,10.343615
0,265.09,-9.843000,1.600000,2.931000,10.394008
0,266.73,-9.902000,1.414000,2.969000,10.433789
0,268.36,-9.947000,1.224000,2.979000,10.455402
0,270.00,-9.992000,1.022000,2.987000,10.478870
0,271.64,-10.025000,0.787000,3.021000,10.499830
0,273.27,-10.033000,0.605000,3.035000,10.499445
0,274.91,-10.049000,0.423000,3.040000,10.507280
0,276.55,-10.032000,0.167000,3.052000,10.487307
0,278.18,-10.000000,0.000000,3.051000,10.455075
0,279.82,-9.968000,-0.239000,3.051000,10.427212
0,281.45,-9.933000,-0.417000,3.046000,10.397908
0,283.09,-9.877000,-0.610000,3.036000,10.351064
0,284.73,-9.790000,-0.828000,3.033000,10.282450
0,286.36,-9.732000,-0.993000,3.005000,10.233665
0,288.00,-9.614000,-1.189000,3.010000,10.144103
0,289.64,-9.526000,-1.355000,2.979000,10.072494
0,291.27,-9.387000,-1.570000,2.960000,9.967059
0,292.91,-9.264000,-1.737000,2.938000,9.872726
0,294.55,-9.131000,-1.886000,2.910000,9.767306
0,296.18,-8.974000,-2.066000,2.877000,9.647702
0,297.82,-8.820000,-2.229000,2.844000,9.531483
0,299.45,-8.622000,-2.410000,2.801000,9.380436
0,301.09,-8.455000,-2.548000,2.770000,9.254849
0,302.73,-8.278000,-2.675000,2.738000,9.120173
0,304.36,-8.059000,-2.845000,2.683000,8.957678
0,306.00,-7.871000,-2.970000,2.644000,8.818406
0,307.64,-7.623000,-3.122000,2.580000,8.632115
0,309.27,-7.420000,-3.234000,2.551000,8.486622
0,310.91,-7.158000,-3.355000,2.493000,8.289031
0,312.55,-6.932000,-3.492000,2.436000,8.135157
0,314.18,-6.699000,-3.590000,2.385000,7.965734
0,315.82,-6.411000,-3.701000,2.325000,7.759120
0,317.45,-6.166000,-3.789000,2.280000,7.587785
0,319.09,-5.857000,-3.907000,2.211000,7.379541
0,320.73,-5.579000,-3.994000,2.160000,7.193252
0,322.36,-5.315000,-4.080000,2.097000,7.020900
0,324.00,-4.975000,-4.157000,2.034000,6.794735
0,325.64,-4.694000,-4.226000,1.972000,6.616759
0,327.27,-4.326000,-4.311000,1.889000,6.392755
0,328.91,-4.039000,-4.362000,1.840000,6.223035
0,330.55,-3.738000,-4.422000,1.751000,6.049192
0,332.18,-3.363000,-4.486000,1.686000,5.854619
0,333.82,-3.044000,-4.533000,1.615000,5.694054
0,335.45,-2.652000,-4.583000,1.532000,5.512170
0,337.09,-2.335000,-4.626000,1.458000,5.383109
0,338.73,-1.939000,-4.670000,1.368000,5.238325
0,340.36,-1.607000,-4.701000,1.304000,5.136367
0,342.00,-1.269000,-4.724000,1.215000,5.040115
0,343.64,-0.852000,-4.752000,1.122000,4.956439
0,345.27,-0.520000,-4.767000,1.050000,4.908889
0,346.91,-0.098000,-4.773000,0.970000,4.871553
0,348.55,0.262000,-4.781000,0.883000,4.868911
0,350.18,0.616000,-4.779000,0.808000,4.885812
0,351.82,0.962000,-4.778000,0.721000,4.926923
0,353.45,1.396000,-4.759000,0.645000,5.001292
0,355.09,1.737000,-4.741000,0.562000,5.080364
0,356.73,2.080000,-4.720000,0.502000,5.182355
0,358.36,2.435000,-4.686000,0.417000,5.297330
1,0.00,2.775000,-4.656000,0.332000,5.430395
1,1.46,3.225000,-4.609000,0.246000,5.630632
1,2.91,3.561000,-4.567000,0.167000,5.793626
1,4.37,3.846000,-4.519000,0.098000,5.934870
1,5.83,4.178000,-4.491000,0.040000,6.134033
1,7.29,4.385000,-4.445000,0.023000,6.243939
1,8.74,4.157000,-4.439000,0.053000,6.081791
1,10.20,4.127000,-4.445000,0.042000,6.065634
1,11.66,4.132000,-4.444000,0.033000,6.068249
1,13.12,4.136000,-4.446000,0.031000,6.072427
1,14.57,4.141000,-4.453000,0.049000,6.081076
1,16.03,4.157000,-4.452000,0.027000,6.091115
1,17.49,4.159000,-4.443000,0.029000,6.085916
1,18.95,4.160000,-4.450000,0.031000,6.091721
1,20.40,4.173000,-4.440000,0.032000,6.093320
1,21.86,4.162000,-4.445000,0.038000,6.089476
1,23.32,4.167000,-4.444000,0.034000,6.092141
1,24.78,4.160000,-4.431000,0.036000,6.077883
1,26.23,4.163000,-4.443000,0.030000,6.088655
1,27.69,4.162000,-4.442000,0.030000,6.087241
1,29.15,4.162000,-4.444000,0.034000,6.088722
1,30.61,4.161000,-4.448000,0.028000,6.090928
1,32.06,4.161000,-4.447000,0.032000,6.090218
1,33.52,4.163000,-4.444000,0.033000,6.089400
1,34.98,4.163000,-4.441000,0.026000,6.087177
1,36.44,4.160000,-4.446000,0.037000,6.088833
1,37.89,4.162000,-4.446000,0.032000,6.090171
1,39.35,4.153000,-4.447000,0.042000,6.084816
1,40.81,4.147000,-4.442000,0.027000,6.076981
1,42.27,4.166000,-4.441000,0.031000,6.089253
1,43.72,4.180000,-4.437000,0.030000,6.095922
1,45.18,4.178000,-4.440000,0.027000,6.096721
1,46.64,4.176000,-4.435000,0.021000,6.091686
1,48.10,4.171000,-4.443000,0.036000,6.094160
1,49.55,4.180000,-4.438000,0.031000,6.096655
1,51.01,4.177000,-4.447000,0.027000,6.101137
1,52.47,4.177000,-4.439000,0.031000,6.095327
1,53.93,4.172000,-4.444000,0.024000,6.095514
1,55.38,4.174000,-4.439000,0.029000,6.093262
1,56.84,4.174000,-4.442000,0.030000,6.095452
1,58.30,4.175000,-4.436000,0.033000,6.091782
1,59.76,4.176000,-4.446000,0.038000,6.099782
1,61.21,4.174000,-4.443000,0.033000,6.096197
1,62.67,4.175000,-4.436000,0.021000,6.091729
1,64.13,4.180000,-4.437000,0.033000,6.095938
1,65.59,4.172000,-4.437000,0.029000,6.090435
1,67.04,4.173000,-4.446000,0.025000,6.097661
1,68.50,4.176000,-4.435000,0.040000,6.091781
1,69.96,4.177000,-4.440000,0.035000,6.096077
1,71.42,4.190000,-4.437000,0.027000,6.102770
1,72.87,4.186000,-4.444000,0.032000,6.105142
1,74.33,4.178000,-4.419000,0.033000,6.081475
1,75.79,4.071000,-4.401000,0.090000,5.995827
1,77.25,4.077000,-4.382000,0.071000,5.985724
1,78.70,4.079000,-4.392000,0.069000,5.994386
1,80.16,4.104000,-4.382000,0.063000,6.004058
1,81.62,4.099000,-4.383000,0.053000,6.001275
1,83.08,4.093000,-4.389000,0.062000,6.001651
1,84.53,4.110000,-4.380000,0.046000,6.006548
1,85.99,4.101000,-4.387000,0.064000,6.005669
1,87.45,4.106000,-4.386000,0.066000,6.008376
1,88.91,4.105000,-4.384000,0.055000,6.006122
1,90.36,4.100000,-4.384000,0.056000,6.002715
1,91.82,4.106000,-4.385000,0.066000,6.007647
1,93.28,4.113000,-4.384000,0.061000,6.011651
1,94.74,4.102000,-4.391000,0.058000,6.009214
1,96.19,4.097000,-4.387000,0.059000,6.002888
1,97.65,4.102000,-4.382000,0.052000,6.002585
1,99.11,4.101000,-4.387000,0.061000,6.005638
1,100.57,4.087000,-4.361000,0.018000,5.976806
1,102.02,4.297000,-4.434000,0.060000,6.174801
1,103.48,4.592000,-4.355000,-0.030000,6.328775
1,104.94,4.684000,-4.337000,-0.037000,6.383635
1,106.40,4.711000,-4.289000,-0.111000,6.371920
1,107.85,4.685000,-4.294000,-0.133000,6.356520
1,109.31,4.801000,-4.293000,-0.131000,6.441786
1,110.77,5.360000,-4.213000,-0.219000,6.821065
1,112.23,5.885000,-4.077000,-0.359000,7.168266
1,113.68,6.293000,-3.970000,-0.431000,7.453087
1,115.14,6.573000,-3.870000,-0.550000,7.647466
1,116.60,6.915000,-3.760000,-0.626000,7.895993
1,118.06,7.195000,-3.675000,-0.675000,8.107359
1,119.51,7.462000,-3.582000,-0.743000,8.310488
1,120.97,7.800000,-3.451000,-0.844000,8.570982
1,122.43,8.084000,-3.327000,-0.896000,8.787650
1,123.89,8.392000,-3.186000,-0.977000,9.029440
1,125.34,8.625000,-3.089000,-1.050000,9.221445
1,126.80,8.881000,-2.950000,-1.101000,9.422678
1,128.26,9.173000,-2.781000,-1.177000,9.657288
1,129.72,9.387000,-2.650000,-1.237000,9.832011
1,131.17,9.679000,-2.477000,-1.315000,10.077093
1,132.63,9.897000,-2.326000,-1.354000,10.256422
1,134.09,10.107000,-2.181000,-1.431000,10.438198
1,135.55,10.347000,-1.970000,-1.495000,10.638437
1,137.00,10.596000,-1.770000,-1.557000,10.855062
1,138.46,10.771000,-1.607000,-1.615000,11.009319
1,139.92,11.007000,-1.365000,-1.671000,11.216484
1,141.38,11.209000,-1.131000,-1.705000,11.394203
1,142.83,11.380000,-0.938000,-1.789000,11.557888
1,144.29,11.549000,-0.692000,-1.850000,11.716687
1,145.75,11.676000,-0.489000,-1.858000,11.833016
1,147.21,11.820000,-0.213000,-1.915000,11.976017
1,148.66,11.943000,0.056000,-1.979000,12.105983
1,150.12,12.031000,0.247000,-2.006000,12.199590
1,151.58,12.124000,0.539000,-2.048000,12.307567
1,153.04,12.183000,0.762000,-2.064000,12.380074
1,154.49,12.233000,0.971000,-2.105000,12.450709
1,155.95,12.267000,1.252000,-2.119000,12.511473
1,157.41,12.294000,1.476000,-2.142000,12.566192
1,158.87,12.303000,1.759000,-2.141000,12.611176
1,160.32,12.286000,1.977000,-2.151000,12.628584
1,161.78,12.260000,2.199000,-2.152000,12.640186
1,163.24,12.212000,2.467000,-2.182000,12.648326
1,164.70,12.154000,2.694000,-2.142000,12.631924
1,166.15,12.069000,2.968000,-2.125000,12.608942
1,167.61,11.994000,3.172000,-2.221000,12.603589
1,169.07,11.897000,3.374000,-2.113000,12.545408
1,170.53,11.756000,3.636000,-2.064000,12.477345
1,171.98,11.624000,3.841000,-2.056000,12.413613
1,173.44,11.436000,4.080000,-2.016000,12.308239
1,174.90,11.292000,4.280000,-1.986000,12.238131
1,176.36,11.092000,4.503000,-1.941000,12.127529
1,177.81,10.895000,4.678000,-1.967000,12.018893
1,179.27,10.699000,4.853000,-1.854000,11.893592
1,180.73,10.434000,5.066000,-1.796000,11.737049
1,182.19,10.216000,5.212000,-1.763000,11.603438
1,183.64,9.931000,5.420000,-1.695000,11.440026
1,185.10,9.682000,5.567000,-1.633000,11.287130
1,186.56,9.429000,5.706000,-1.583000,11.134198
1,188.02,9.170000,5.825000,-1.530000,10.970890
1,189.47,8.898000,5.946000,-1.495000,10.805755
1,190.93,8.523000,6.101000,-1.398000,10.574409
1,192.39,8.211000,6.227000,-1.322000,10.389597
1,193.85,7.884000,6.336000,-1.264000,10.193137
1,195.30,7.571000,6.422000,-1.188000,9.998673
1,196.76,7.253000,6.517000,-1.118000,9.814643
1,198.22,6.815000,6.624000,-1.023000,9.558668
1,199.68,6.454000,6.697000,-0.946000,9.348735
1,201.13,6.112000,6.764000,-0.870000,9.157791
1,202.59,5.749000,6.819000,-0.804000,8.955232
1,204.05,5.383000,6.880000,-0.710000,8.764427
1,205.51,4.916000,6.934000,-0.613000,8.521924
1,206.96,4.543000,6.959000,-0.529000,8.327447
1,208.42,4.159000,6.986000,-0.457000,8.143115
1,209.88,3.784000,7.007000,-0.389000,7.972956
1,211.34,3.389000,7.019000,-0.287000,7.799619
1,212.79,2.905000,7.034000,-0.177000,7.612326
1,214.25,2.504000,7.027000,-0.095000,7.460414
1,215.71,2.099000,7.012000,-0.028000,7.319476
1,217.17,1.700000,7.009000,0.084000,7.212707
1,218.62,1.315000,6.976000,0.164000,7.100753
1,220.08,0.919000,6.949000,0.246000,7.013820
1,221.54,0.546000,6.918000,0.328000,6.947260
1,223.00,0.164000,6.872000,0.414000,6.886412
1,224.45,-0.226000,6.831000,0.512000,6.853888
1,225.91,-0.618000,6.776000,0.603000,6.830791
1,227.37,-1.079000,6.702000,0.692000,6.823482
1,228.83,-1.452000,6.637000,0.766000,6.837019
1,230.28,-1.812000,6.566000,0.856000,6.865015
1,231.74,-2.181000,6.482000,0.939000,6.903246
1,233.20,-2.518000,6.409000,1.036000,6.963397
1,234.66,-2.968000,6.288000,1.137000,7.045618
1,236.11,-3.306000,6.203000,1.196000,7.130025
1,237.57,-3.656000,6.107000,1.298000,7.235094
1,239.03,-4.007000,5.988000,1.354000,7.331133
1,240.49,-4.321000,5.883000,1.445000,7.441018
1,241.94,-4.695000,5.745000,1.529000,7.575348
1,243.40,-5.020000,5.621000,1.609000,7.706161
1,244.86,-5.362000,5.472000,1.696000,7.846671
1,246.32,-5.675000,5.338000,1.757000,7.986671
1,247.77,-5.974000,5.187000,1.843000,8.123441
1,249.23,-6.374000,4.997000,1.931000,8.326262
1,250.69,-6.707000,4.813000,2.015000,8.497590
1,252.15,-7.047000,4.609000,2.106000,8.679765
1,253.60,-7.357000,4.406000,2.162000,8.843785
1,255.06,-7.617000,4.223000,2.236000,8.991780
1,256.52,-7.898000,4.007000,2.317000,9.154395
1,257.98,-8.110000,3.832000,2.373000,9.278332
1,259.43,-8.296000,3.652000,2.422000,9.382260
1,260.89,-8.471000,3.479000,2.476000,9.486404
1,262.35,-8.647000,3.320000,2.530000,9.601766
1,263.81,-8.838000,3.091000,2.576000,9.710834
1,265.26,-8.982000,2.901000,2.635000,9.799763
1,266.72,-9.120000,2.712000,2.678000,9.884383
1,268.18,-9.245000,2.527000,2.712000,9.960457
1,269.64,-9.357000,2.339000,2.746000,10.028205
1,271.09,-9.485000,2.098000,2.787000,10.106147
1,272.55,-9.572000,1.914000,2.825000,10.162047
1,274.01,-9.651000,1.717000,2.846000,10.207331
1,275.47,-9.716000,1.546000,2.883000,10.251949
1,276.92,-9.761000,1.363000,2.887000,10.269842
1,278.38,-9.826000,1.128000,2.910000,10.309741
1,279.84,-9.843000,0.936000,2.939000,10.314963
1,281.30,-9.866000,0.758000,2.941000,10.322887
1,282.75,-9.873000,0.575000,2.959000,10.322908
1,284.21,-9.887000,0.391000,2.966000,10.329705
1,285.67,-9.870000,0.162000,2.969000,10.308157
1,287.13,-9.854000,-0.008000,2.977000,10.293877
1,288.58,-9.818000,-0.190000,2.971000,10.259438
1,290.04,-9.764000,-0.387000,2.977000,10.215087
1,291.50,-9.721000,-0.587000,2.962000,10.179187
1,292.96,-9.650000,-0.792000,2.952000,10.122454
1,294.41,-9.585000,-0.943000,2.947000,10.072055
1,295.87,-9.490000,-1.106000,2.922000,9.991067
1,297.33,-9.373000,-1.303000,2.916000,9.902222
1,298.79,-9.272000,-1.474000,2.892000,9.823763
1,300.24,-9.109000,-1.675000,2.860000,9.693251
1,301.70,-8.994000,-1.809000,2.838000,9.603060
1,303.16,-8.868000,-1.953000,2.817000,9.507425
1,304.62,-8.694000,-2.145000,2.786000,9.378084
1,306.07,-8.539000,-2.281000,2.758000,9.258728
1,307.53,-8.340000,-2.462000,2.713000,9.109194
1,308.99,-8.176000,-2.586000,2.681000,8.984550
1,310.45,-7.946000,-2.749000,2.628000,8.809217
1,311.90,-7.752000,-2.876000,2.585000,8.662973
1,313.36,-7.561000,-3.006000,2.546000,8.525660
1,314.82,-7.308000,-3.134000,2.503000,8.336296
1,316.28,-7.101000,-3.253000,2.464000,8.190086
1,317.73,-6.821000,-3.394000,2.402000,7.988422
1,319.19,-6.586000,-3.490000,2.345000,7.813739
1,320.65,-6.352000,-3.585000,2.305000,7.649389
1,322.11,-6.046000,-3.715000,2.240000,7.441300
1,323.56,-5.807000,-3.809000,2.190000,7.281884
1,325.02,-5.457000,-3.919000,2.127000,7.047094
1,326.48,-5.195000,-4.001000,2.061000,6.873409
1,327.94,-4.921000,-4.075000,2.002000,6.695511
1,329.39,-4.557000,-4.165000,1.942000,6.471850
1,330.85,-4.267000,-4.238000,1.868000,6.297409
1,332.31,-3.894000,-4.321000,1.799000,6.088569
1,333.77,-3.594000,-4.377000,1.735000,5.923275
1,335.22,-3.217000,-4.447000,1.643000,5.729254
1,336.68,-2.904000,-4.495000,1.590000,5.582682
1,338.14,-2.569000,-4.539000,1.526000,5.434239
1,339.60,-2.176000,-4.594000,1.431000,5.280869
1,341.05,-1.850000,-4.619000,1.379000,5.163265
1,342.51,-1.412000,-4.661000,1.267000,5.032291
1,343.97,-1.079000,-4.688000,1.191000,4.955811
1,345.43,-0.756000,-4.708000,1.138000,4.902228
1,346.88,-0.344000,-4.725000,1.045000,4.851390
1,348.34,0.017000,-4.726000,0.966000,4.823746
1,349.80,0.367000,-4.722000,0.903000,4.821554
1,351.26,0.810000,-4.731000,0.788000,4.864093
1,352.71,1.155000,-4.715000,0.711000,4.906197
1,354.17,1.489000,-4.709000,0.653000,4.981788
1,355.63,1.845000,-4.689000,0.586000,5.072883
1,357.09,2.183000,-4.667000,0.497000,5.176233
1,358.54,2.622000,-4.628000,0.391000,5.333493
2,0.00,2.963000,-4.603000,0.325000,5.483849
2,1.50,3.309000,-4.556000,0.250000,5.636410
2,3.00,3.641000,-4.508000,0.165000,5.797083
2,4.50,3.977000,-4.465000,0.095000,5.980115
2,6.00,4.403000,-4.417000,0.024000,6.236736
2,7.50,4.442000,-4.369000,0.020000,6.230564
2,9.00,4.304000,-4.351000,0.040000,6.120230
2,10.50,4.270000,-4.364000,0.068000,6.105900
2,12.00,4.248000,-4.363000,0.025000,6.089491
2,13.50,4.231000,-4.369000,0.057000,6.082168
2,15.00,4.233000,-4.377000,0.036000,6.089147
2,16.50,4.242000,-4.363000,0.029000,6.085324
2,18.00,4.242000,-4.360000,0.027000,6.083165
2,19.50,4.228000,-4.368000,0.034000,6.079191
2,21.00,4.243000,-4.367000,0.025000,6.088872
2,22.50,4.245000,-4.366000,0.035000,6.089598
2,24.00,4.239000,-4.363000,0.034000,6.083259
2,25.50,4.249000,-4.365000,0.029000,6.091639
2,27.00,4.242000,-4.363000,0.031000,6.085334
2,28.50,4.241000,-4.366000,0.029000,6.086779
2,30.00,4.240000,-4.366000,0.028000,6.086078
2,31.50,4.245000,-4.370000,0.025000,6.092417
2,33.00,4.246000,-4.362000,0.026000,6.087383
2,34.50,4.241000,-4.372000,0.015000,6.091034
2,36.00,4.240000,-4.366000,0.031000,6.086092
2,37.50,4.250000,-4.373000,0.023000,6.098045
2,39.00,4.244000,-4.363000,0.024000,6.086697
2,40.50,4.247000,-4.362000,0.023000,6.088069
2,42.00,4.244000,-4.365000,0.021000,6.088120
2,43.50,4.241000,-4.365000,0.030000,6.086067
2,45.00,4.241000,-4.357000,0.029000,6.080327
2,46.50,4.241000,-4.360000,0.033000,6.082497
2,48.00,4.241000,-4.358000,0.032000,6.081058
2,49.50,4.245000,-4.366000,0.034000,6.089593
2,51.00,4.239000,-4.358000,0.020000,6.079612
2,52.50,4.246000,-4.360000,0.025000,6.085946
2,54.00,4.247000,-4.367000,0.019000,6.091638
2,55.50,4.242000,-4.366000,0.027000,6.087467
2,57.00,4.241000,-4.366000,0.022000,6.086750
2,58.50,4.246000,-4.356000,0.036000,6.083136
2,60.00,4.239000,-4.358000,0.020000,6.079612
2,61.50,4.147000,-4.290000,0.073000,5.967163
2,63.00,4.117000,-4.191000,0.036000,5.874986
2,64.50,4.048000,-4.096000,0.062000,5.759111
2,66.00,4.002000,-4.048000,0.072000,5.692758
2,67.50,3.986000,-4.042000,0.062000,5.677130
2,69.00,3.988000,-4.039000,0.066000,5.676444
2,70.50,3.986000,-4.044000,0.073000,5.678685
2,72.00,3.982000,-4.043000,0.061000,5.675024
2,73.50,3.983000,-4.043000,0.064000,5.675758
2,75.00,3.979000,-4.035000,0.076000,5.667402
2,76.50,3.989000,-4.041000,0.062000,5.678525
2,78.00,3.986000,-4.044000,0.069000,5.678635
2,79.50,3.977000,-4.038000,0.065000,5.667998
2,81.00,3.985000,-4.040000,0.062000,5.675004
2,82.50,3.986000,-4.042000,0.062000,5.677130
2,84.00,3.988000,-4.041000,0.062000,5.677823
2,85.50,3.990000,-4.040000,0.066000,5.678561
2,87.00,3.993000,-4.039000,0.079000,5.680124
2,88.50,3.985000,-4.043000,0.062000,5.677140
2,90.00,3.987000,-4.041000,0.060000,5.677099
2,91.50,3.992000,-4.043000,0.063000,5.682067
2,93.00,4.033000,-4.081000,0.081000,5.738137
2,94.50,4.462000,-4.019000,-0.010000,6.005157
2,96.00,4.443000,-3.971000,-0.040000,5.959085
2,97.50,4.483000,-3.985000,-0.008000,5.998131
2,99.00,4.469000,-3.965000,-0.054000,5.974621
2,100.50,4.499000,-3.965000,-0.058000,5.997132
2,102.00,4.788000,-3.934000,-0.136000,6.198370
2,103.50,5.299000,-3.839000,-0.229000,6.547501
2,105.00,5.646000,-3.750000,-0.308000,6.784886
2,106.50,5.991000,-3.642000,-0.395000,7.022270
2,108.00,6.286000,-3.556000,-0.467000,7.237197
2,109.50,6.630000,-3.455000,-0.542000,7.495845
2,111.00,6.894000,-3.367000,-0.479000,7.687221
2,112.50,7.219000,-3.244000,-0.682000,7.943716
2,114.00,7.453000,-3.146000,-0.734000,8.123009
2,115.50,7.701000,-3.033000,-0.798000,8.315124
2,117.00,7.989000,-2.905000,-0.751000,8.533882
2,118.50,8.205000,-2.814000,-0.908000,8.721530
2,120.00,8.514000,-2.651000,-0.994000,8.972404
2,121.50,8.713000,-2.527000,-1.043000,9.131810
2,123.00,8.899000,-2.423000,-1.091000,9.287271
2,124.50,9.185000,-2.255000,-1.158000,9.528390
2,126.00,9.404000,-2.099000,-1.222000,9.712585
2,127.50,9.651000,-1.906000,-1.297000,9.922542
2,129.00,9.830000,-1.755000,-1.343000,10.075345
2,130.50,10.005000,-1.602000,-1.387000,10.226935
2,132.00,10.224000,-1.405000,-1.447000,10.421037
2,133.50,10.433000,-1.180000,-1.523000,10.609402
2,135.00,10.581000,-1.008000,-1.564000,10.743357
2,136.50,10.761000,-0.776000,-1.624000,10.910485
2,138.00,10.921000,-0.541000,-1.677000,11.062244
2,139.50,11.039000,-0.364000,-1.713000,11.177047
2,141.00,11.174000,-0.104000,-1.758000,11.311925
2,142.50,11.268000,0.096000,-1.771000,11.406730
2,144.00,11.375000,0.330000,-1.808000,11.522517
2,145.50,11.440000,0.546000,-1.841000,11.600043
2,147.00,11.504000,0.787000,-1.870000,11.681536
2,148.50,11.541000,0.986000,-1.889000,11.736064
2,150.00,11.573000,1.238000,-1.907000,11.794220
2,151.50,11.597000,1.454000,-1.929000,11.845909
2,153.00,11.593000,1.660000,-1.921000,11.867750
2,154.50,11.583000,1.909000,-1.937000,11.897989
2,156.00,11.564000,2.106000,-1.950000,11.914858
2,157.50,11.511000,2.357000,-1.949000,11.910381
2,159.00,11.452000,2.560000,-1.939000,11.893764
2,160.50,11.391000,2.762000,-1.933000,11.879395
2,162.00,11.292000,2.994000,-1.920000,11.838906
2,163.50,11.206000,3.170000,-1.905000,11.800524
2,165.00,11.075000,3.422000,-1.886000,11.744050
2,166.50,10.958000,3.607000,-1.874000,11.687604
2,168.00,10.820000,3.791000,-1.843000,11.612094
2,169.50,10.641000,4.009000,-1.810000,11.514298
2,171.00,10.489000,4.179000,-1.781000,11.430447
2,172.50,10.264000,4.394000,-1.734000,11.298836
2,174.00,10.089000,4.561000,-1.696000,11.201208
2,175.50,9.842000,4.738000,-1.659000,11.048343
2,177.00,9.644000,4.882000,-1.615000,10.929267
2,178.50,9.424000,5.044000,-1.558000,10.801901
2,180.00,9.198000,5.185000,-1.510000,10.666186
2,181.50,8.961000,5.313000,-1.470000,10.520855
2,183.00,8.650000,5.462000,-1.402000,10.325771
2,184.50,8.386000,5.589000,-1.336000,10.165963
2,186.00,8.115000,5.702000,-1.291000,10.001635
2,187.50,7.816000,5.819000,-1.217000,9.819965
2,189.00,7.517000,5.924000,-1.150000,9.639583
2,190.50,7.159000,6.036000,-1.080000,9.426080
2,192.00,6.856000,6.123000,-1.029000,9.249579
2,193.50,6.527000,6.204000,-0.952000,9.055255
2,195.00,6.190000,6.280000,-0.891000,8.862752
2,196.50,5.871000,6.348000,-0.815000,8.685043
2,198.00,5.443000,6.418000,-0.733000,8.447145
2,199.50,5.091000,6.469000,-0.642000,8.257022
2,201.00,4.745000,6.519000,-0.568000,8.083007
2,202.50,4.388000,6.553000,-0.506000,7.902682
2,204.00,4.040000,6.583000,-0.431000,7.735842
2,205.50,3.600000,6.611000,-0.331000,7.534911
2,207.00,3.220000,6.621000,-0.254000,7.366855
2,208.50,2.846000,6.627000,-0.183000,7.214592
2,210.00,2.465000,6.631000,-0.095000,7.074985
2,211.50,2.087000,6.625000,-0.021000,6.945980
2,213.00,1.640000,6.610000,0.072000,6.810792
2,214.50,1.264000,6.587000,0.162000,6.709136
2,216.00,0.886000,6.565000,0.243000,6.628972
2,217.50,0.524000,6.528000,0.315000,6.556568
2,219.00,0.151000,6.491000,0.385000,6.504161
2,220.50,-0.229000,6.436000,0.476000,6.457640
2,222.00,-0.604000,6.393000,0.560000,6.445841
2,223.50,-0.972000,6.333000,0.652000,6.440247
2,225.00,-1.320000,6.264000,0.730000,6.443058
2,226.50,-1.679000,6.198000,0.802000,6.471279
2,228.00,-2.096000,6.108000,0.908000,6.521146
2,229.50,-2.433000,6.024000,0.978000,6.569973
2,231.00,-2.769000,5.938000,1.042000,6.634227
2,232.50,-3.094000,5.852000,1.109000,6.711827
2,234.00,-3.436000,5.752000,1.204000,6.807438
2,235.50,-3.834000,5.628000,1.293000,6.931507
2,237.00,-4.145000,5.509000,1.372000,7.029402
2,238.50,-4.456000,5.394000,1.444000,7.143970
2,240.00,-4.793000,5.270000,1.508000,7.281471
2,241.50,-5.144000,5.119000,1.590000,7.429199
2,243.00,-5.493000,4.944000,1.691000,7.581271
2,244.50,-5.788000,4.802000,1.754000,7.722478
2,246.00,-6.101000,4.645000,1.793000,7.874838
2,247.50,-6.400000,4.477000,1.876000,8.032615
2,249.00,-6.659000,4.308000,1.954000,8.168186
2,250.50,-6.976000,4.090000,2.045000,8.341145
2,252.00,-7.213000,3.921000,2.089000,8.471454
2,253.50,-7.423000,3.763000,2.133000,8.591320
2,255.00,-7.622000,3.590000,2.188000,8.704615
2,256.50,-7.785000,3.432000,2.251000,8.800673
2,258.00,-8.010000,3.208000,2.306000,8.931349
2,259.50,-8.165000,3.062000,2.328000,9.025666
2,261.00,-8.293000,2.893000,2.383000,9.100659
2,262.50,-8.430000,2.717000,2.420000,9.181688
2,264.00,-8.564000,2.541000,2.464000,9.266611
2,265.50,-8.700000,2.327000,2.507000,9.348261
2,267.00,-8.801000,2.163000,2.534000,9.410490
2,268.50,-8.891000,1.984000,2.560000,9.462544
2,270.00,-8.973000,1.804000,2.581000,9.509506
2,271.50,-9.041000,1.629000,2.606000,9.549061
2,273.00,-9.118000,1.422000,2.633000,9.596494
2,274.50,-9.160000,1.245000,2.652000,9.617106
2,276.00,-9.206000,1.071000,2.668000,9.644465
2,277.50,-9.220000,0.910000,2.689000,9.647135
2,279.00,-9.249000,0.743000,2.693000,9.661692
2,280.50,-9.264000,0.534000,2.702000,9.664764
2,282.00,-9.266000,0.366000,2.718000,9.663345
2,283.50,-9.240000,0.197000,2.706000,9.630101
2,285.00,-9.216000,0.033000,2.726000,9.610766
2,286.50,-9.182000,-0.118000,2.726000,9.578837
2,288.00,-9.136000,-0.325000,2.715000,9.536422
2,289.50,-9.094000,-0.485000,2.715000,9.503015
2,291.00,-9.014000,-0.678000,2.697000,9.433223
2,292.50,-8.947000,-0.828000,2.695000,9.380694
2,294.00,-8.850000,-1.000000,2.681000,9.301089
2,295.50,-8.764000,-1.149000,2.666000,9.232305
2,297.00,-8.665000,-1.297000,2.655000,9.154969
2,298.50,-8.529000,-1.487000,2.625000,9.046858
2,300.00,-8.408000,-1.617000,2.603000,8.949009
2,301.50,-8.256000,-1.783000,2.572000,8.829259
2,303.00,-8.120000,-1.930000,2.544000,8.725322
2,304.50,-7.975000,-2.055000,2.524000,8.613607
2,306.00,-7.799000,-2.206000,2.491000,8.479146
2,307.50,-7.636000,-2.332000,2.458000,8.353950
2,309.00,-7.420000,-2.493000,2.412000,8.190799
2,310.50,-7.237000,-2.607000,2.387000,8.054091
2,312.00,-7.060000,-2.720000,2.353000,7.923295
2,313.50,-6.822000,-2.852000,2.293000,7.741540
2,315.00,-6.625000,-2.950000,2.271000,7.599379
2,316.50,-6.360000,-3.090000,2.210000,7.408225
2,318.00,-6.136000,-3.193000,2.167000,7.248561
2,319.50,-5.845000,-3.304000,2.123000,7.041844
2,321.00,-5.609000,-3.399000,2.066000,6.876223
2,322.50,-5.376000,-3.496000,2.009000,6.720080
2,324.00,-5.060000,-3.593000,1.961000,6.508362
2,325.50,-4.816000,-3.669000,1.902000,6.346103
2,327.00,-4.500000,-3.753000,1.844000,6.142910
2,328.50,-4.238000,-3.824000,1.797000,5.984382
2,330.00,-3.962000,-3.895000,1.722000,5.816679
2,331.50,-3.610000,-3.963000,1.666000,5.613646
2,333.00,-3.332000,-4.023000,1.616000,5.467925
2,334.50,-2.982000,-4.077000,1.538000,5.280123
2,336.00,-2.703000,-4.141000,1.467000,5.158118
2,337.50,-2.398000,-4.180000,1.409000,5.020765
2,339.00,-2.031000,-4.222000,1.349000,4.875453
2,340.50,-1.732000,-4.249000,1.286000,4.765251
2,342.00,-1.348000,-4.293000,1.193000,4.655126
2,343.50,-1.045000,-4.307000,1.130000,4.573748
2,345.00,-0.665000,-4.337000,1.060000,4.513911
2,346.50,-0.361000,-4.348000,0.998000,4.475648
2,348.00,-0.039000,-4.358000,0.929000,4.456089
2,349.50,0.363000,-4.354000,0.831000,4.447431
2,351.00,0.698000,-4.363000,0.762000,4.483706
2,352.50,1.012000,-4.361000,0.705000,4.532051
2,354.00,1.324000,-4.347000,0.640000,4.589007
2,355.50,1.731000,-4.328000,0.557000,4.694485
2,357.00,2.061000,-4.303000,0.491000,4.796312
2,358.50,2.379000,-4.282000,0.426000,4.916975
3,0.00,2.689000,-4.252000,0.345000,5.042742
3,1.50,3.027000,-4.215000,0.280000,5.196860
3,3.00,3.400000,-4.161000,0.197000,5.377056
3,4.50,3.736000,-4.117000,0.113000,5.560589
3,6.00,4.049000,-4.094000,0.099000,5.758909
3,7.50,4.035000,-4.049000,0.074000,5.716739
3,9.00,3.893000,-4.052000,0.112000,5.620204
3,10.50,3.870000,-4.050000,0.097000,5.602572
3,12.00,3.936000,-4.032000,0.074000,5.635122
3,13.50,3.899000,-4.042000,0.101000,5.616953
3,15.00,3.921000,-4.033000,0.087000,5.625558
3,16.50,3.917000,-4.032000,0.078000,5.621921
3,18.00,3.921000,-4.031000,0.087000,5.624124
3,19.50,3.926000,-4.032000,0.083000,5.628267
3,21.00,3.915000,-4.024000,0.086000,5.614908
3,22.50,3.919000,-4.031000,0.067000,5.622456
3,24.00,3.926000,-4.030000,0.079000,5.626777
3,25.50,3.921000,-4.029000,0.076000,5.622531
3,27.00,3.921000,-4.031000,0.077000,5.623978
3,28.50,3.920000,-4.023000,0.078000,5.617563
3,30.00,3.924000,-4.032000,0.074000,5.626746
3,31.50,3.919000,-4.027000,0.079000,5.619745
3,33.00,3.923000,-4.029000,0.076000,5.623926
3,34.50,3.927000,-4.026000,0.080000,5.624625
3,36.00,3.919000,-4.030000,0.081000,5.621923
3,37.50,3.927000,-4.032000,0.078000,5.628893
3,39.00,3.927000,-4.030000,0.075000,5.627420
3,40.50,3.925000,-4.032000,0.077000,5.627484
3,42.00,3.919000,-4.035000,0.076000,5.625439
3,43.50,3.922000,-4.036000,0.074000,5.628220
3,45.00,3.925000,-4.034000,0.078000,5.628931
3,46.50,3.918000,-4.036000,0.066000,5.625333
3,48.00,3.918000,-4.030000,0.079000,5.621198
3,49.50,3.921000,-4.027000,0.077000,5.621112
3,51.00,3.924000,-4.034000,0.066000,5.628080
3,52.50,3.922000,-4.027000,0.083000,5.621895
3,54.00,3.919000,-4.026000,0.083000,5.619086
3,55.50,3.922000,-4.026000,0.089000,5.621270
3,57.00,3.918000,-4.035000,0.077000,5.624756
3,58.50,3.915000,-4.027000,0.076000,5.616915
3,60.00,3.894000,-4.017000,0.092000,5.595354
3,61.50,3.790000,-3.959000,0.119000,5.481965
3,63.00,3.719000,-3.857000,0.121000,5.359296
3,64.50,3.666000,-3.797000,0.137000,5.279729
3,66.00,3.630000,-3.759000,0.140000,5.227483
3,67.50,3.627000,-3.742000,0.143000,5.213266
3,69.00,3.619000,-3.751000,0.157000,5.214577
3,70.50,3.618000,-3.748000,0.154000,5.211635
3,72.00,3.611000,-3.749000,0.150000,5.207381
3,73.50,3.621000,-3.748000,0.144000,5.213433
3,75.00,3.621000,-3.745000,0.147000,5.211360
3,76.50,3.623000,-3.746000,0.152000,5.213612
3,78.00,3.618000,-3.746000,0.144000,5.209911
3,79.50,3.622000,-3.750000,0.146000,5.215621
3,81.00,3.620000,-3.749000,0.151000,5.213655
3,82.50,3.620000,-3.750000,0.150000,5.214346
3,84.00,3.622000,-3.749000,0.153000,5.215102
3,85.50,3.623000,-3.749000,0.157000,5.215916
3,87.00,3.615000,-3.754000,0.145000,5.213614
3,88.50,3.619000,-3.754000,0.150000,5.216529
3,90.00,3.623000,-3.745000,0.152000,5.212893
3,91.50,3.591000,-3.724000,0.105000,5.174406
3,93.00,3.738000,-3.822000,0.159000,5.348421
3,94.50,4.068000,-3.732000,0.062000,5.520896
3,96.00,4.089000,-3.677000,0.033000,5.499213
3,97.50,4.105000,-3.687000,0.062000,5.518047
3,99.00,4.107000,-3.674000,0.019000,5.510543
3,100.50,4.152000,-3.672000,0.021000,5.542845
3,102.00,4.408000,-3.650000,-0.049000,5.723230
3,103.50,4.886000,-3.556000,-0.115000,6.044118
3,105.00,5.294000,-3.451000,-0.219000,6.323274
3,106.50,5.531000,-3.395000,-0.261000,6.495083
3,108.00,5.857000,-3.293000,-0.359000,6.728832
3,109.50,6.132000,-3.202000,-0.419000,6.930353
3,111.00,6.384000,-3.137000,-0.468000,7.128482
3,112.50,6.674000,-3.028000,-0.521000,7.347278
3,114.00,6.886000,-2.937000,-0.598000,7.510031
3,115.50,7.167000,-2.830000,-0.638000,7.731871
3,117.00,7.365000,-2.742000,-0.689000,7.889012
3,118.50,7.574000,-2.656000,-0.742000,8.060420
3,120.00,7.865000,-2.496000,-0.808000,8.291026
3,121.50,8.078000,-2.382000,-0.869000,8.466591
3,123.00,8.350000,-2.240000,-0.938000,8.695973
3,124.50,8.565000,-2.107000,-0.981000,8.874741
3,126.00,8.828000,-1.920000,-1.064000,9.096817
3,127.50,9.023000,-1.780000,-1.113000,9.264000
3,129.00,9.197000,-1.631000,-1.157000,9.411887
3,130.50,9.408000,-1.457000,-1.212000,9.596992
3,132.00,9.577000,-1.302000,-1.256000,9.746367
3,133.50,9.771000,-1.099000,-1.322000,9.921085
3,135.00,9.910000,-0.941000,-1.371000,10.048543
3,136.50,10.055000,-0.774000,-1.406000,10.182285
3,138.00,10.203000,-0.563000,-1.464000,10.322862
3,139.50,10.334000,-0.364000,-1.509000,10.449935
3,141.00,10.441000,-0.167000,-1.540000,10.555282
3,142.50,10.552000,0.053000,-1.580000,10.669766
3,144.00,10.629000,0.233000,-1.604000,10.751872
3,145.50,10.717000,0.460000,-1.642000,10.851813
3,147.00,10.764000,0.646000,-1.610000,10.902895
3,148.50,10.817000,0.882000,-1.687000,10.983232
3,150.00,10.837000,1.056000,-1.694000,11.019317
3,151.50,10.860000,1.240000,-1.711000,11.063667
3,153.00,10.876000,1.481000,-1.727000,11.111403
3,154.50,10.865000,1.663000,-1.759000,11.131391
3,156.00,10.849000,1.889000,-1.744000,11.149469
3,157.50,10.811000,2.068000,-1.748000,11.144947
3,159.00,10.779000,2.257000,-1.750000,11.150937
3,160.50,10.702000,2.482000,-1.734000,11.122045
3,162.00,10.635000,2.656000,-1.748000,11.100138
3,163.50,10.537000,2.869000,-1.724000,11.055845
3,165.00,10.454000,3.062000,-1.702000,11.025369
3,166.50,10.319000,3.273000,-1.685000,10.955981
3,168.00,10.209000,3.441000,-1.684000,10.904128
3,169.50,10.083000,3.609000,-1.645000,10.835026
3,171.00,9.911000,3.805000,-1.619000,10.739046
3,172.50,9.744000,3.966000,-1.586000,10.639083
3,174.00,9.588000,4.127000,-1.563000,10.554849
3,175.50,9.417000,4.272000,-1.533000,10.453706
3,177.00,9.184000,4.450000,-1.496000,10.314377
3,178.50,8.996000,4.605000,-1.447000,10.209204
3,180.00,8.779000,4.738000,-1.413000,10.075518
3,181.50,8.554000,4.873000,-1.375000,9.940205
3,183.00,8.334000,4.987000,-1.329000,9.802651
3,184.50,8.040000,5.126000,-1.275000,9.619932
3,186.00,7.787000,5.250000,-1.219000,9.470260
3,187.50,7.529000,5.364000,-1.179000,9.319248
3,189.00,7.243000,5.462000,-1.124000,9.140999
3,190.50,6.978000,5.552000,-1.071000,8.981327
3,192.00,6.640000,5.660000,-0.998000,8.781868
3,193.50,6.339000,5.745000,-0.931000,8.605504
3,195.00,6.047000,5.821000,-0.881000,8.439574
3,196.50,5.742000,5.894000,-0.819000,8.269254
3,198.00,5.425000,5.947000,-0.764000,8.085860
3,199.50,5.038000,6.021000,-0.676000,7.879775
3,201.00,4.716000,6.064000,-0.610000,7.706157
3,202.50,4.397000,6.106000,-0.553000,7.544710
3,204.00,4.072000,6.145000,-0.492000,7.388117
3,205.50,3.755000,6.174000,-0.418000,7.238303
3,207.00,3.342000,6.204000,-0.342000,7.055179
3,208.50,3.013000,6.224000,-0.265000,6.920012
3,210.00,2.662000,6.232000,-0.184000,6.779227
3,211.50,2.314000,6.229000,-0.125000,6.646101
3,213.00,1.981000,6.236000,-0.054000,6.543315
3,214.50,1.549000,6.224000,0.043000,6.414002
3,216.00,1.208000,6.205000,0.107000,6.322400
3,217.50,0.878000,6.191000,0.177000,6.255453
3,219.00,0.539000,6.167000,0.243000,6.195277
3,220.50,0.201000,6.140000,0.327000,6.151986
3,222.00,-0.138000,6.088000,0.390000,6.102040
3,223.50,-0.486000,6.047000,0.463000,6.084141
3,225.00,-0.814000,6.004000,0.539000,6.082856
3,226.50,-1.149000,5.945000,0.600000,6.084671
3,228.00,-1.481000,5.889000,0.668000,6.109002
3,229.50,-1.892000,5.802000,0.785000,6.152974
3,231.00,-2.230000,5.720000,0.841000,6.196659
3,232.50,-2.547000,5.647000,0.918000,6.262471
3,234.00,-2.882000,5.562000,0.976000,6.339901
3,235.50,-3.220000,5.457000,1.054000,6.423252
3,237.00,-3.600000,5.333000,1.155000,6.537195
3,238.50,-3.906000,5.237000,1.217000,6.645607
3,240.00,-4.209000,5.119000,1.278000,6.749306
3,241.50,-4.544000,4.999000,1.345000,6.888176
3,243.00,-4.839000,4.861000,1.420000,7.004402
3,244.50,-5.203000,4.696000,1.488000,7.165038
3,246.00,-5.498000,4.559000,1.571000,7.313038
3,247.50,-5.775000,4.410000,1.630000,7.446853
3,249.00,-6.037000,4.258000,1.688000,7.577947
3,250.50,-6.275000,4.107000,1.757000,7.702605
3,252.00,-6.574000,3.906000,1.837000,7.864406
3,253.50,-6.786000,3.745000,1.871000,7.973422
3,255.00,-6.987000,3.592000,1.931000,8.090080
3,256.50,-7.165000,3.433000,1.986000,8.189439
3,258.00,-7.333000,3.272000,2.045000,8.286187
3,259.50,-7.538000,3.096000,2.076000,8.409307
3,261.00,-7.688000,2.943000,2.111000,8.498407
3,262.50,-7.816000,2.771000,2.163000,8.570115
3,264.00,-7.933000,2.619000,2.198000,8.638452
3,265.50,-8.044000,2.460000,2.246000,8.706437
3,267.00,-8.177000,2.255000,2.274000,8.781767
3,268.50,-8.271000,2.091000,2.294000,8.834260
3,270.00,-8.356000,1.930000,2.337000,8.888712
3,271.50,-8.425000,1.758000,2.363000,8.924963
3,273.00,-8.506000,1.608000,2.376000,8.976808
3,274.50,-8.573000,1.414000,2.413000,9.017666
3,276.00,-8.611000,1.239000,2.421000,9.030265
3,277.50,-8.640000,1.083000,2.440000,9.043013
3,279.00,-8.675000,0.926000,2.442000,9.059606
3,280.50,-8.689000,0.774000,2.461000,9.063902
3,282.00,-8.700000,0.562000,2.476000,9.062915
3,283.50,-8.686000,0.419000,2.475000,9.041448
3,285.00,-8.678000,0.275000,2.482000,9.030151
3,286.50,-8.659000,0.107000,2.483000,9.008608
3,288.00,-8.627000,-0.035000,2.478000,8.975903
3,289.50,-8.570000,-0.240000,2.498000,8.929866
3,291.00,-8.520000,-0.392000,2.478000,8.881697
3,292.50,-8.452000,-0.560000,2.466000,8.822191
3,294.00,-8.373000,-0.706000,2.459000,8.755127
3,295.50,-8.287000,-0.884000,2.456000,8.688369
3,297.00,-8.192000,-1.021000,2.450000,8.611260
3,298.50,-8.088000,-1.171000,2.435000,8.527380
3,300.00,-7.962000,-1.351000,2.410000,8.427737
3,301.50,-7.846000,-1.470000,2.396000,8.334353
3,303.00,-7.696000,-1.651000,2.360000,8.217288
3,304.50,-7.555000,-1.770000,2.335000,8.103280
3,306.00,-7.423000,-1.893000,2.313000,8.002146
3,307.50,-7.244000,-2.048000,2.285000,7.867087
3,309.00,-7.090000,-2.164000,2.253000,7.747710
3,310.50,-6.883000,-2.318000,2.206000,7.590471
3,312.00,-6.703000,-2.425000,2.187000,7.456125
3,313.50,-6.483000,-2.550000,2.151000,7.290994
3,315.00,-6.299000,-2.647000,2.122000,7.154502
3,316.50,-6.098000,-2.756000,2.074000,7.005899
3,318.00,-5.836000,-2.874000,2.028000,6.814070
3,319.50,-5.633000,-2.960000,1.989000,6.666964
3,321.00,-5.364000,-3.075000,1.935000,6.478607
3,322.50,-5.145000,-3.151000,1.897000,6.324432
3,324.00,-4.918000,-3.235000,1.853000,6.171350
3,325.50,-4.612000,-3.336000,1.788000,5.966271
3,327.00,-4.378000,-3.403000,1.748000,5.814017
3,328.50,-4.076000,-3.478000,1.695000,5.619901
3,330.00,-3.818000,-3.550000,1.642000,5.465875
3,331.50,-3.574000,-3.609000,1.598000,5.324656
3,333.00,-3.243000,-3.670000,1.532000,5.131566
3,334.50,-2.974000,-3.733000,1.474000,4.995262
3,336.00,-2.641000,-3.785000,1.417000,4.827939
3,337.50,-2.366000,-3.817000,1.361000,4.692522
3,339.00,-2.026000,-3.868000,1.299000,4.555601
3,340.50,-1.757000,-3.902000,1.246000,4.457036
3,342.00,-1.465000,-3.927000,1.186000,4.355933
3,343.50,-1.109000,-3.962000,1.105000,4.260088
3,345.00,-0.832000,-3.978000,1.042000,4.195530
3,346.50,-0.470000,-3.999000,0.986000,4.145491
3,348.00,-0.179000,-4.005000,0.933000,4.116134
3,349.50,0.120000,-4.021000,0.862000,4.114108
3,351.00,0.498000,-4.021000,0.795000,4.128979
3,352.50,0.802000,-4.026000,0.730000,4.169506
3,354.00,1.086000,-4.013000,0.669000,4.210834
3,355.50,1.390000,-4.007000,0.600000,4.283474
3,357.00,1.688000,-3.988000,0.559000,4.366460
3,358.50,2.072000,-3.959000,0.464000,4.492456
4,0.00,2.373000,-3.937000,0.408000,4.614928
4,1.49,2.668000,-3.910000,0.351000,4.746528
4,2.99,2.961000,-3.879000,0.284000,4.888233
4,4.48,3.244000,-3.841000,0.219000,5.032373
4,5.98,3.626000,-3.805000,0.165000,5.258624
4,7.47,3.669000,-3.765000,0.168000,5.259754
4,8.96,3.565000,-3.750000,0.164000,5.176738
4,10.46,3.572000,-3.751000,0.172000,5.182545
4,11.95,3.587000,-3.740000,0.147000,5.184185
4,13.44,3.598000,-3.743000,0.169000,5.194633
4,14.94,3.598000,-3.741000,0.164000,5.193032
4,16.43,3.597000,-3.739000,0.157000,5.190682
4,17.93,3.595000,-3.734000,0.151000,5.185517
4,19.42,3.593000,-3.745000,0.157000,5.192237
4,20.91,3.596000,-3.734000,0.153000,5.186269
4,22.41,3.593000,-3.738000,0.143000,5.186785
4,23.90,3.595000,-3.741000,0.153000,5.190618
4,25.39,3.590000,-3.738000,0.151000,5.184934
4,26.89,3.591000,-3.740000,0.153000,5.187127
4,28.38,3.599000,-3.738000,0.158000,5.191378
4,29.88,3.600000,-3.739000,0.159000,5.192822
4,31.37,3.599000,-3.740000,0.153000,5.192669
4,32.86,3.597000,-3.739000,0.150000,5.190475
4,34.36,3.597000,-3.736000,0.154000,5.188431
4,35.85,3.592000,-3.743000,0.149000,5.189866
4,37.34,3.595000,-3.746000,0.149000,5.194106
4,38.84,3.600000,-3.735000,0.154000,5.189792
4,40.33,3.599000,-3.742000,0.151000,5.194051
4,41.83,3.591000,-3.737000,0.159000,5.185145
4,43.32,3.598000,-3.748000,0.144000,5.197484
4,44.81,3.594000,-3.742000,0.169000,5.191143
4,46.31,3.594000,-3.741000,0.159000,5.190106
4,47.80,3.594000,-3.750000,0.149000,5.196300
4,49.29,3.593000,-3.744000,0.149000,5.191280
4,50.79,3.593000,-3.740000,0.149000,5.188396
4,52.28,3.596000,-3.736000,0.155000,5.187768
4,53.78,3.596000,-3.744000,0.153000,5.193473
4,55.27,3.592000,-3.741000,0.160000,5.188752
4,56.76,3.586000,-3.744000,0.155000,5.186613
4,58.26,3.593000,-3.739000,0.151000,5.187733
4,59.75,3.553000,-3.706000,0.150000,5.136219
4,61.24,3.502000,-3.640000,0.167000,5.053859
4,62.74,3.477000,-3.561000,0.150000,4.979232
4,64.23,3.452000,-3.486000,0.138000,4.907906
4,65.73,3.439000,-3.473000,0.136000,4.889473
4,67.22,3.434000,-3.464000,0.137000,4.879592
4,68.71,3.431000,-3.472000,0.142000,4.883309
4,70.21,3.432000,-3.471000,0.137000,4.883158
4,71.70,3.431000,-3.473000,0.142000,4.884020
4,73.20,3.431000,-3.476000,0.151000,4.886424
4,74.69,3.436000,-3.466000,0.131000,4.882255
4,76.18,3.436000,-3.465000,0.136000,4.881682
4,77.68,3.431000,-3.467000,0.137000,4.879613
4,79.17,3.431000,-3.468000,0.132000,4.880185
4,80.66,3.426000,-3.464000,0.130000,4.873774
4,82.16,3.429000,-3.470000,0.135000,4.880283
4,83.65,3.430000,-3.462000,0.141000,4.875472
4,85.15,3.427000,-3.466000,0.133000,4.875979
4,86.64,3.425000,-3.467000,0.131000,4.875231
4,88.13,3.426000,-3.471000,0.134000,4.878860
4,89.63,3.419000,-3.468000,0.128000,4.871650
4,91.12,3.411000,-3.447000,0.096000,4.850355
4,92.61,3.434000,-3.506000,0.167000,4.910426
4,94.11,3.691000,-3.450000,0.078000,5.052926
4,95.60,3.687000,-3.446000,0.084000,5.047370
4,97.10,3.690000,-3.441000,0.087000,5.046202
4,98.59,3.720000,-3.437000,0.049000,5.064955
4,100.08,3.965000,-3.399000,0.018000,5.222523
4,101.58,4.328000,-3.335000,-0.044000,5.464041
4,103.07,4.570000,-3.260000,-0.131000,5.615128
4,104.56,4.787000,-3.222000,-0.164000,5.772655
4,106.06,5.091000,-3.141000,-0.229000,5.986368
4,107.55,5.329000,-3.076000,-0.272000,6.159058
4,109.05,5.600000,-2.985000,-0.334000,6.354666
4,110.54,5.817000,-2.908000,-0.399000,6.515608
4,112.03,6.018000,-2.851000,-0.440000,6.673689
4,113.53,6.299000,-2.744000,-0.494000,6.888467
4,115.02,6.488000,-2.667000,-0.563000,7.037329
4,116.51,6.755000,-2.560000,-0.600000,7.248698
4,118.01,6.945000,-2.469000,-0.628000,7.397525
4,119.50,7.201000,-2.363000,-0.689000,7.610052
4,121.00,7.402000,-2.246000,-0.745000,7.771045
4,122.49,7.596000,-2.135000,-0.791000,7.929888
4,123.98,7.823000,-2.004000,-0.851000,8.120317
4,125.48,8.024000,-1.890000,-0.881000,8.290527
4,126.97,8.269000,-1.735000,-0.944000,8.501631
4,128.46,8.420000,-1.606000,-0.988000,8.628544
4,129.96,8.584000,-1.473000,-1.043000,8.771695
4,131.45,8.787000,-1.312000,-1.102000,8.952492
4,132.95,8.934000,-1.185000,-1.129000,9.082688
4,134.44,9.119000,-0.995000,-1.191000,9.250117
4,135.93,9.265000,-0.842000,-1.224000,9.383356
4,137.43,9.400000,-0.686000,-1.268000,9.509912
4,138.92,9.540000,-0.491000,-1.304000,9.641219
4,140.41,9.654000,-0.335000,-1.337000,9.751898
4,141.91,9.765000,-0.123000,-1.378000,9.862517
4,143.40,9.865000,0.036000,-1.406000,9.964756
4,144.90,9.940000,0.214000,-1.427000,10.044189
4,146.39,10.028000,0.421000,-1.469000,10.143766
4,147.88,10.086000,0.603000,-1.480000,10.211827
4,149.38,10.132000,0.759000,-1.495000,10.269787
4,150.87,10.180000,0.978000,-1.510000,10.337746
4,152.37,10.195000,1.148000,-1.541000,10.374517
4,153.86,10.207000,1.369000,-1.560000,10.415883
4,155.35,10.212000,1.546000,-1.550000,10.444020
4,156.85,10.210000,1.723000,-1.555000,10.470475
4,158.34,10.185000,1.939000,-1.575000,10.486876
4,159.83,10.154000,2.126000,-1.564000,10.491410
4,161.33,10.079000,2.338000,-1.563000,10.464008
4,162.82,10.014000,2.508000,-1.559000,10.440342
4,164.32,9.945000,2.681000,-1.539000,10.414380
4,165.81,9.847000,2.895000,-1.525000,10.376418
4,167.30,9.743000,3.057000,-1.524000,10.324431
4,168.80,9.633000,3.224000,-1.487000,10.266452
4,170.29,9.510000,3.386000,-1.471000,10.201418
4,171.78,9.390000,3.532000,-1.449000,10.136406
4,173.28,9.214000,3.738000,-1.436000,10.046519
4,174.77,9.058000,3.883000,-1.390000,9.952746
4,176.27,8.889000,4.019000,-1.367000,9.850653
4,177.76,8.715000,4.170000,-1.328000,9.752113
4,179.25,8.483000,4.327000,-1.295000,9.610476
4,180.75,8.277000,4.468000,-1.243000,9.487718
4,182.24,8.078000,4.594000,-1.209000,9.371265
4,183.73,7.876000,4.709000,-1.175000,9.251307
4,185.23,7.660000,4.815000,-1.122000,9.116946
4,186.72,7.362000,4.945000,-1.075000,8.933515
4,188.22,7.119000,5.054000,-1.030000,8.791131
4,189.71,6.869000,5.161000,-0.965000,8.645826
4,191.20,6.615000,5.244000,-0.918000,8.491200
4,192.70,6.355000,5.322000,-0.878000,8.335502
4,194.19,6.024000,5.413000,-0.813000,8.139417
4,195.68,5.731000,5.489000,-0.738000,7.969826
4,197.18,5.444000,5.558000,-0.699000,7.811344
4,198.67,5.162000,5.621000,-0.647000,7.659014
4,200.17,4.867000,5.665000,-0.592000,7.492021
4,201.66,4.500000,5.725000,-0.506000,7.299429
4,203.15,4.217000,5.763000,-0.455000,7.155577
4,204.65,3.910000,5.796000,-0.385000,7.002138
4,206.14,3.612000,5.822000,-0.338000,6.859772
4,207.63,3.318000,5.850000,-0.277000,6.731148
4,209.13,2.925000,5.866000,-0.186000,6.557452
4,210.62,2.600000,5.870000,-0.139000,6.421544
4,212.12,2.295000,5.885000,-0.071000,6.317063
4,213.61,1.971000,5.880000,-0.013000,6.201565
4,215.10,1.652000,5.881000,0.053000,6.108852
4,216.60,1.332000,5.863000,0.116000,6.013522
4,218.09,1.010000,5.838000,0.189000,5.927737
4,219.59,0.696000,5.827000,0.246000,5.873573
4,221.08,0.378000,5.785000,0.308000,5.805512
4,222.57,0.053000,5.751000,0.398000,5.764999
4,224.07,-0.250000,5.715000,0.456000,5.738611
4,225.56,-0.643000,5.662000,0.531000,5.723081
4,227.05,-0.954000,5.610000,0.599000,5.721977
4,228.55,-1.277000,5.550000,0.667000,5.733944
4,230.04,-1.569000,5.482000,0.736000,5.749416
4,231.54,-1.871000,5.413000,0.813000,5.784650
4,233.03,-2.264000,5.325000,0.879000,5.852688
4,234.52,-2.551000,5.249000,0.945000,5.912075
4,236.02,-2.871000,5.162000,1.018000,5.993764
4,237.51,-3.165000,5.069000,1.082000,6.073114
4,239.00,-3.452000,4.971000,1.147000,6.159769
4,240.50,-3.788000,4.843000,1.218000,6.267944
4,241.99,-4.071000,4.733000,1.280000,6.372812
4,243.49,-4.396000,4.601000,1.331000,6.501198
4,244.98,-4.668000,4.477000,1.424000,6.622804
4,246.47,-4.928000,4.346000,1.464000,6.731731
4,247.97,-5.265000,4.178000,1.531000,6.893466
4,249.46,-5.513000,4.048000,1.594000,7.022842
4,250.95,-5.741000,3.894000,1.655000,7.131714
4,252.45,-5.976000,3.750000,1.697000,7.256369
4,253.94,-6.190000,3.602000,1.753000,7.373162
4,255.44,-6.417000,3.421000,1.805000,7.492607
4,256.93,-6.582000,3.289000,1.858000,7.588966
4,258.42,-6.725000,3.151000,1.896000,7.664805
4,259.92,-6.890000,3.011000,1.925000,7.761691
4,261.41,-7.039000,2.867000,1.958000,7.848629
4,262.90,-7.182000,2.704000,2.011000,7.933276
4,264.40,-7.307000,2.548000,2.038000,8.002374
4,265.89,-7.422000,2.403000,2.072000,8.071783
4,267.39,-7.521000,2.250000,2.099000,8.126115
4,268.88,-7.624000,2.106000,2.123000,8.189490
4,270.37,-7.726000,1.917000,2.154000,8.246556
4,271.87,-7.800000,1.766000,2.169000,8.286333
4,273.36,-7.867000,1.611000,2.198000,8.325636
4,274.85,-7.930000,1.468000,2.223000,8.365504
4,276.35,-7.966000,1.324000,2.235000,8.378864
4,277.84,-8.020000,1.127000,2.249000,8.405268
4,279.34,-8.048000,0.988000,2.264000,8.418559
4,280.83,-8.077000,0.839000,2.271000,8.432040
4,282.32,-8.082000,0.702000,2.287000,8.428636
4,283.82,-8.093000,0.556000,2.294000,8.430197
4,285.31,-8.081000,0.366000,2.310000,8.412646
4,286.80,-8.057000,0.227000,2.308000,8.384130
4,288.30,-8.045000,0.090000,2.309000,8.370281
4,289.79,-8.012000,-0.041000,2.309000,8.338184
4,291.29,-7.968000,-0.224000,2.296000,8.295229
4,292.78,-7.922000,-0.373000,2.293000,8.255608
4,294.27,-7.869000,-0.492000,2.233000,8.194481
4,295.77,-7.791000,-0.663000,2.284000,8.145913
4,297.26,-7.718000,-0.783000,2.284000,8.086858
4,298.76,-7.613000,-0.962000,2.249000,7.996325
4,300.25,-7.522000,-1.095000,2.233000,7.922487
4,301.74,-7.398000,-1.251000,2.221000,7.824848
4,303.24,-7.285000,-1.363000,2.197000,7.730188
4,304.73,-7.165000,-1.502000,2.176000,7.637290
4,306.22,-7.009000,-1.645000,2.156000,7.515347
4,307.72,-6.883000,-1.764000,2.128000,7.417262
4,309.21,-6.701000,-1.898000,2.098000,7.273748
4,310.71,-6.558000,-2.022000,2.071000,7.168325
4,312.20,-6.402000,-2.124000,2.043000,7.047753
4,313.69,-6.190000,-2.250000,2.008000,6.885540
4,315.19,-6.018000,-2.351000,1.969000,6.754294
4,316.68,-5.794000,-2.460000,1.950000,6.589730
4,318.17,-5.616000,-2.556000,1.900000,6.456206
4,319.67,-5.429000,-2.645000,1.866000,6.320761
4,321.16,-5.184000,-2.750000,1.826000,6.145782
4,322.66,-4.979000,-2.827000,1.786000,5.997680
4,324.15,-4.713000,-2.940000,1.730000,5.817978
4,325.64,-4.491000,-3.010000,1.696000,5.666180
4,327.14,-4.216000,-3.094000,1.637000,5.479714
4,328.63,-3.991000,-3.156000,1.606000,5.335509
4,330.12,-3.760000,-3.220000,1.572000,5.193956
4,331.62,-3.458000,-3.292000,1.502000,5.005101
4,333.11,-3.223000,-3.342000,1.448000,4.863476
4,334.61,-2.897000,-3.416000,1.404000,4.693920
4,336.10,-2.660000,-3.459000,1.358000,4.569950
4,337.59,-2.419000,-3.494000,1.301000,4.444344
4,339.09,-2.090000,-3.546000,1.256000,4.303458
4,340.58,-1.832000,-3.580000,1.208000,4.199034
4,342.07,-1.493000,-3.620000,1.131000,4.075857
4,343.57,-1.211000,-3.650000,1.071000,3.992000
4,345.06,-0.945000,-3.674000,1.025000,3.929622
4,346.56,-0.620000,-3.690000,0.951000,3.860687
4,348.05,-0.350000,-3.707000,0.902000,3.831182
4,349.54,0.003000,-3.718000,0.822000,3.807784
4,351.04,0.293000,-3.720000,0.762000,3.808529
4,352.53,0.580000,-3.727000,0.715000,3.839030
4,354.02,0.871000,-3.722000,0.662000,3.879455
4,355.52,1.221000,-3.711000,0.592000,3.951307
4,357.01,1.507000,-3.693000,0.528000,4.023442
4,358.51,1.812000,-3.675000,0.469000,4.124188
5,0.00,2.075000,-3.662000,0.409000,4.228847
5,1.49,2.356000,-3.628000,0.351000,4.340083
5,2.99,2.716000,-3.595000,0.289000,4.514887
5,4.48,2.983000,-3.570000,0.236000,4.658206
5,5.98,3.270000,-3.521000,0.190000,4.808996
5,7.47,3.417000,-3.511000,0.183000,4.902703
5,8.96,3.254000,-3.474000,0.199000,4.764115
5,10.46,3.270000,-3.485000,0.169000,4.781912
5,11.95,3.294000,-3.465000,0.142000,4.782972
5,13.44,3.260000,-3.472000,0.177000,4.765891
5,14.94,3.286000,-3.460000,0.158000,4.774344
5,16.43,3.276000,-3.465000,0.158000,4.771097
5,17.93,3.278000,-3.467000,0.163000,4.774091
5,19.42,3.283000,-3.473000,0.170000,4.782125
5,20.91,3.282000,-3.468000,0.166000,4.777667
5,22.41,3.279000,-3.465000,0.169000,4.773534
5,23.90,3.279000,-3.465000,0.176000,4.773787
5,25.39,3.280000,-3.467000,0.174000,4.775852
5,26.89,3.276000,-3.466000,0.169000,4.772200
5,28.38,3.278000,-3.470000,0.173000,4.776622
5,29.88,3.281000,-3.467000,0.163000,4.776151
5,31.37,3.283000,-3.466000,0.157000,4.776599
5,32.86,3.281000,-3.469000,0.158000,4.777435
5,34.36,3.287000,-3.460000,0.168000,4.775374
5,35.85,3.289000,-3.465000,0.165000,4.780269
5,37.34,3.283000,-3.465000,0.162000,4.776040
5,38.84,3.281000,-3.467000,0.167000,4.776289
5,40.33,3.281000,-3.469000,0.168000,4.777776
5,41.83,3.288000,-3.465000,0.169000,4.779721
5,43.32,3.282000,-3.464000,0.174000,4.775049
5,44.81,3.281000,-3.469000,0.164000,4.777637
5,46.31,3.277000,-3.465000,0.160000,4.771850
5,47.80,3.280000,-3.468000,0.158000,4.776022
5,49.29,3.283000,-3.470000,0.154000,4.779404
5,50.79,3.282000,-3.471000,0.164000,4.779776
5,52.28,3.279000,-3.473000,0.155000,4.778870
5,53.78,3.284000,-3.466000,0.168000,4.777660
5,55.27,3.275000,-3.465000,0.165000,4.770647
5,56.76,3.282000,-3.464000,0.167000,4.774799
5,58.26,3.286000,-3.467000,0.159000,4.779452
5,59.75,3.220000,-3.434000,0.187000,4.711234
5,61.24,3.188000,-3.389000,0.180000,4.656293
5,62.74,3.135000,-3.312000,0.187000,4.564268
5,64.23,3.072000,-3.263000,0.214000,4.486663
5,65.73,3.039000,-3.223000,0.220000,4.435273
5,67.22,3.039000,-3.216000,0.227000,4.430542
5,68.71,3.030000,-3.227000,0.233000,4.432687
5,70.21,3.033000,-3.220000,0.227000,4.429336
5,71.70,3.038000,-3.216000,0.222000,4.429603
5,73.20,3.034000,-3.219000,0.230000,4.429449
5,74.69,3.032000,-3.218000,0.232000,4.427457
5,76.18,3.039000,-3.219000,0.234000,4.433084
5,77.68,3.039000,-3.222000,0.232000,4.435158
5,79.17,3.043000,-3.218000,0.225000,4.434636
5,80.66,3.033000,-3.223000,0.225000,4.431415
5,82.16,3.038000,-3.217000,0.216000,4.430033
5,83.65,3.036000,-3.220000,0.222000,4.431138
5,85.15,3.035000,-3.218000,0.225000,4.429150
5,86.64,3.038000,-3.219000,0.223000,4.431832
5,88.13,3.034000,-3.215000,0.232000,4.426647
5,89.63,3.038000,-3.225000,0.229000,4.436497
5,91.12,3.009000,-3.189000,0.175000,4.387987
5,92.61,3.275000,-3.245000,0.234000,4.616320
5,94.11,3.453000,-3.194000,0.163000,4.706529
5,95.60,3.454000,-3.185000,0.141000,4.700449
5,97.10,3.447000,-3.172000,0.127000,4.686099
5,98.59,3.536000,-3.184000,0.129000,4.760020
5,100.08,3.931000,-3.118000,0.048000,5.017668
5,101.58,4.224000,-3.053000,-0.023000,5.211863
5,103.07,4.461000,-2.998000,-0.075000,5.375328
5,104.56,4.745000,-2.938000,-0.112000,5.582062
5,106.06,4.963000,-2.866000,-0.164000,5.733430
5,107.55,5.222000,-2.787000,-0.234000,5.923800
5,109.05,5.446000,-2.724000,-0.285000,6.095926
5,110.54,5.656000,-2.662000,-0.320000,6.259311
5,112.03,5.892000,-2.576000,-0.361000,6.440634
5,113.53,6.061000,-2.505000,-0.418000,6.571565
5,115.02,6.290000,-2.419000,-0.457000,6.754592
5,116.51,6.500000,-2.331000,-0.500000,6.923407
5,118.01,6.698000,-2.252000,-0.549000,7.087744
5,119.50,6.952000,-2.111000,-0.608000,7.290836
5,121.00,7.149000,-2.010000,-0.652000,7.454757
5,122.49,7.366000,-1.891000,-0.698000,7.636821
5,123.98,7.541000,-1.787000,-0.741000,7.785187
5,125.48,7.714000,-1.668000,-0.788000,7.931517
5,126.97,7.926000,-1.519000,-0.851000,8.114988
5,128.46,8.081000,-1.402000,-0.880000,8.248792
5,129.96,8.269000,-1.249000,-0.916000,8.412813
5,131.45,8.402000,-1.136000,-0.963000,8.532964
5,132.95,8.588000,-0.961000,-1.010000,8.700423
5,134.44,8.720000,-0.816000,-1.040000,8.819629
5,135.93,8.840000,-0.685000,-1.086000,8.932761
5,137.43,8.982000,-0.499000,-1.117000,9.064933
5,138.92,9.094000,-0.348000,-1.147000,9.172652
5,140.41,9.212000,-0.156000,-1.194000,9.290367
5,141.91,9.299000,-0.011000,-1.206000,9.376884
5,143.40,9.389000,0.144000,-1.235000,9.470970
5,144.90,9.465000,0.345000,-1.268000,9.555787
5,146.39,9.529000,0.505000,-1.287000,9.628771
5,147.88,9.565000,0.677000,-1.305000,9.677323
5,149.38,9.605000,0.824000,-1.331000,9.731730
5,150.87,9.624000,0.989000,-1.341000,9.767179
5,152.37,9.663000,1.190000,-1.351000,9.829286
5,153.86,9.661000,1.358000,-1.367000,9.851283
5,155.35,9.658000,1.521000,-1.369000,9.872414
5,156.85,9.641000,1.685000,-1.376000,9.883394
5,158.34,9.616000,1.842000,-1.388000,9.888729
5,159.83,9.568000,2.055000,-1.387000,9.883998
5,161.33,9.527000,2.229000,-1.380000,9.881122
5,162.82,9.463000,2.382000,-1.385000,9.855989
5,164.32,9.391000,2.536000,-1.379000,9.824654
5,165.81,9.317000,2.695000,-1.368000,9.794945
5,167.30,9.203000,2.890000,-1.354000,9.740669
5,168.80,9.094000,3.049000,-1.345000,9.685363
5,170.29,8.972000,3.192000,-1.331000,9.615467
5,171.78,8.853000,3.325000,-1.311000,9.547249
5,173.28,8.725000,3.469000,-1.294000,9.478081
5,174.77,8.543000,3.654000,-1.250000,9.375343
5,176.27,8.394000,3.778000,-1.232000,9.287106
5,177.76,8.240000,3.906000,-1.207000,9.198439
5,179.25,8.071000,4.027000,-1.174000,9.095936
5,180.75,7.886000,4.151000,-1.149000,8.985544
5,182.24,7.656000,4.295000,-1.102000,8.847359
5,183.73,7.464000,4.405000,-1.063000,8.731855
5,185.23,7.259000,4.503000,-1.045000,8.605935
5,186.72,7.056000,4.605000,-1.000000,8.484878
5,188.22,6.826000,4.710000,-0.947000,8.347166
5,189.71,6.530000,4.833000,-0.912000,8.174994
5,191.20,6.309000,4.916000,-0.858000,8.044048
5,192.70,6.059000,4.991000,-0.812000,7.891825
5,194.19,5.817000,5.067000,-0.766000,7.752337
5,195.68,5.559000,5.140000,-0.727000,7.605959
5,197.18,5.231000,5.219000,-0.646000,7.417455
5,198.67,4.961000,5.276000,-0.611000,7.267807
5,200.17,4.695000,5.331000,-0.546000,7.124655
5,201.66,4.400000,5.378000,-0.500000,6.966555
5,203.15,4.055000,5.429000,-0.439000,6.790419
5,204.65,3.773000,5.462000,-0.391000,6.649951
5,206.14,3.499000,5.497000,-0.332000,6.524587
5,207.63,3.209000,5.519000,-0.269000,6.389789
5,209.13,2.911000,5.536000,-0.219000,6.258528
5,210.62,2.525000,5.551000,-0.148000,6.100093
5,212.12,2.222000,5.555000,-0.086000,5.983536
5,213.61,1.933000,5.560000,-0.034000,5.886531
5,215.10,1.623000,5.557000,0.024000,5.789210
5,216.60,1.308000,5.546000,0.095000,5.698948
5,218.09,0.998000,5.536000,0.154000,5.627345
5,219.59,0.695000,5.515000,0.202000,5.562289
5,221.08,0.381000,5.489000,0.261000,5.508394
5,222.57,0.074000,5.449000,0.331000,5.459546
5,224.07,-0.237000,5.411000,0.396000,5.430645
5,225.56,-0.536000,5.373000,0.462000,5.419397
5,227.05,-0.840000,5.331000,0.508000,5.420630
5,228.55,-1.213000,5.260000,0.609000,5.432297
5,230.04,-1.493000,5.205000,0.668000,5.455942
5,231.54,-1.792000,5.132000,0.725000,5.484005
5,233.03,-2.084000,5.068000,0.785000,5.535694
5,234.52,-2.376000,4.992000,0.833000,5.591004
5,236.02,-2.737000,4.883000,0.925000,5.673666
5,237.51,-2.989000,4.802000,0.984000,5.741218
5,239.00,-3.268000,4.719000,1.044000,5.834271
5,240.50,-3.543000,4.618000,1.089000,5.921545
5,241.99,-3.887000,4.494000,1.158000,6.053575
5,243.49,-4.160000,4.367000,1.231000,6.155619
5,244.98,-4.409000,4.251000,1.281000,6.257095
5,246.47,-4.654000,4.141000,1.323000,6.368511
5,247.97,-4.928000,4.004000,1.382000,6.498240
5,249.46,-5.227000,3.829000,1.460000,6.641865
5,250.95,-5.437000,3.697000,1.507000,6.745356
5,252.45,-5.649000,3.560000,1.565000,6.858136
5,253.94,-5.843000,3.419000,1.609000,6.958383
5,255.44,-6.029000,3.281000,1.639000,7.056920
5,256.93,-6.209000,3.128000,1.696000,7.156290
5,258.42,-6.353000,2.996000,1.735000,7.235112
5,259.92,-6.490000,2.877000,1.770000,7.316429
5,261.41,-6.623000,2.752000,1.787000,7.391279
5,262.90,-6.734000,2.617000,1.818000,7.449870
5,264.40,-6.877000,2.436000,1.859000,7.528818
5,265.89,-6.983000,2.311000,1.886000,7.593419
5,267.39,-7.074000,2.180000,1.916000,7.646236
5,268.88,-7.168000,2.046000,1.930000,7.700081
5,270.37,-7.249000,1.898000,1.957000,7.744692
5,271.87,-7.324000,1.717000,1.989000,7.781079
5,273.36,-7.394000,1.583000,1.989000,7.818775
5,274.85,-7.444000,1.451000,2.030000,7.851079
5,276.35,-7.487000,1.318000,2.039000,7.870820
5,277.84,-7.529000,1.173000,2.045000,7.889474
5,279.34,-7.570000,0.997000,2.064000,7.909425
5,280.83,-7.587000,0.870000,2.080000,7.914914
5,282.32,-7.601000,0.731000,2.092000,7.917451
5,283.82,-7.603000,0.593000,2.100000,7.909947
5,285.31,-7.590000,0.447000,2.100000,7.887833
5,286.80,-7.575000,0.286000,2.102000,7.866437
5,288.30,-7.554000,0.166000,2.111000,7.845176
5,289.79,-7.520000,0.030000,2.115000,7.811820
5,291.29,-7.486000,-0.115000,2.100000,7.775823
5,292.78,-7.421000,-0.276000,2.110000,7.720072
5,294.27,-7.367000,-0.406000,2.100000,7.671214
5,295.77,-7.317000,-0.531000,2.093000,7.628964
5,297.26,-7.223000,-0.676000,2.072000,7.544660
5,298.76,-7.139000,-0.810000,2.077000,7.478994
5,300.25,-7.019000,-0.963000,2.056000,7.377050
5,301.74,-6.936000,-1.079000,2.046000,7.311529
5,303.24,-6.835000,-1.188000,2.021000,7.225857
5,304.73,-6.685000,-1.334000,2.007000,7.106112
5,306.22,-6.563000,-1.447000,1.982000,7.006790
5,307.72,-6.406000,-1.581000,1.976000,6.887741
5,309.21,-6.271000,-1.679000,1.936000,6.774406
5,310.71,-6.104000,-1.808000,1.923000,6.650234
5,312.20,-5.944000,-1.912000,1.892000,6.524304
5,313.69,-5.801000,-2.006000,1.856000,6.412517
5,315.19,-5.605000,-2.111000,1.829000,6.262395
5,316.68,-5.434000,-2.208000,1.807000,6.137497
5,318.17,-5.215000,-2.327000,1.777000,5.980709
5,319.67,-5.040000,-2.403000,1.742000,5.848981
5,321.16,-4.858000,-2.484000,1.716000,5.719709
5,322.66,-4.617000,-2.583000,1.664000,5.545942
5,324.15,-4.419000,-2.659000,1.617000,5.404862
5,325.64,-4.168000,-2.736000,1.584000,5.231346
5,327.14,-3.968000,-2.815000,1.548000,5.105443
5,328.63,-3.762000,-2.868000,1.519000,4.968443
5,330.12,-3.498000,-2.944000,1.467000,4.801586
5,331.62,-3.265000,-2.992000,1.433000,4.654651
5,333.11,-2.976000,-3.064000,1.365000,4.484183
5,334.61,-2.760000,-3.108000,1.338000,4.366636
5,336.10,-2.466000,-3.167000,1.280000,4.213009
5,337.59,-2.226000,-3.205000,1.241000,4.094775
5,339.09,-1.997000,-3.236000,1.191000,3.984744
5,340.58,-1.694000,-3.285000,1.130000,3.864940
5,342.07,-1.451000,-3.308000,1.095000,3.774558
5,343.57,-1.132000,-3.344000,1.026000,3.676471
5,345.06,-0.878000,-3.367000,0.986000,3.616596
5,346.56,-0.636000,-3.385000,0.938000,3.569673
5,348.05,-0.316000,-3.389000,0.883000,3.516371
5,349.54,-0.048000,-3.411000,0.833000,3.511569
5,351.04,0.291000,-3.412000,0.757000,3.507061
5,352.53,0.567000,-3.423000,0.702000,3.539947
5,354.02,0.831000,-3.414000,0.657000,3.574578
5,355.52,1.095000,-3.405000,0.610000,3.628381
5,357.01,1.375000,-3.402000,0.552000,3.710651
5,358.51,1.700000,-3.374000,0.499000,3.810889
6,0.00,1.977000,-3.362000,0.443000,3.925280
6,1.50,2.245000,-3.345000,0.384000,4.046790
6,3.00,2.522000,-3.307000,0.329000,4.171927
6,4.50,2.767000,-3.282000,0.291000,4.302615
6,6.00,3.123000,-3.254000,0.238000,4.516447
6,7.50,3.163000,-3.205000,0.220000,4.508325
6,9.00,3.095000,-3.189000,0.231000,4.449956
6,10.50,3.086000,-3.204000,0.257000,4.455902
6,12.00,3.086000,-3.199000,0.235000,4.451092
6,13.50,3.087000,-3.198000,0.228000,4.450703
6,15.00,3.089000,-3.195000,0.244000,4.450784
6,16.50,3.087000,-3.200000,0.241000,4.452825
6,18.00,3.082000,-3.200000,0.237000,4.449145
6,19.50,3.083000,-3.197000,0.232000,4.447417
6,21.00,3.088000,-3.201000,0.231000,4.453707
6,22.50,3.081000,-3.197000,0.241000,4.446510
6,24.00,3.079000,-3.200000,0.234000,4.446909
6,25.50,3.076000,-3.198000,0.228000,4.443080
6,27.00,3.083000,-3.199000,0.224000,4.448445
6,28.50,3.084000,-3.200000,0.237000,4.450531
6,30.00,3.084000,-3.198000,0.229000,4.448674
6,31.50,3.079000,-3.190000,0.237000,4.439877
6,33.00,3.078000,-3.200000,0.217000,4.445354
6,34.50,3.084000,-3.200000,0.231000,4.450215
6,36.00,3.084000,-3.197000,0.236000,4.448321
6,37.50,3.084000,-3.199000,0.226000,4.449240
6,39.00,3.078000,-3.196000,0.229000,4.443078
6,40.50,3.080000,-3.196000,0.237000,4.444883
6,42.00,3.075000,-3.200000,0.232000,4.444035
6,43.50,3.076000,-3.199000,0.222000,4.443496
6,45.00,3.082000,-3.197000,0.235000,4.446882
6,46.50,3.086000,-3.196000,0.239000,4.449150
6,48.00,3.078000,-3.197000,0.235000,4.444110
6,49.50,3.079000,-3.198000,0.230000,4.445261
6,51.00,3.077000,-3.198000,0.240000,4.444405
6,52.50,3.081000,-3.201000,0.240000,4.449333
6,54.00,3.077000,-3.204000,0.233000,4.448352
6,55.50,3.083000,-3.202000,0.231000,4.450961
6,57.00,3.079000,-3.196000,0.231000,4.443874
6,58.50,3.085000,-3.198000,0.235000,4.449680
6,60.00,3.000000,-3.153000,0.262000,4.360052
6,61.50,2.967000,-3.099000,0.249000,4.297545
6,63.00,2.940000,-3.037000,0.258000,4.234800
6,64.50,2.914000,-2.982000,0.242000,4.176396
6,66.00,2.914000,-2.971000,0.246000,4.168783
6,67.50,2.915000,-2.972000,0.249000,4.170373
6,69.00,2.912000,-2.971000,0.244000,4.167268
6,70.50,2.919000,-2.964000,0.248000,4.167417
6,72.00,2.910000,-2.971000,0.241000,4.165696
6,73.50,2.914000,-2.970000,0.239000,4.167663
6,75.00,2.913000,-2.968000,0.245000,4.165887
6,76.50,2.916000,-2.973000,0.246000,4.171607
6,78.00,2.910000,-2.974000,0.238000,4.167664
6,79.50,2.908000,-2.976000,0.244000,4.168042
6,81.00,2.909000,-2.968000,0.248000,4.163269
6,82.50,2.914000,-2.968000,0.244000,4.166528
6,84.00,2.908000,-2.976000,0.232000,4.167357
6,85.50,2.908000,-2.973000,0.250000,4.166256
6,87.00,2.919000,-2.969000,0.243000,4.170680
6,88.50,2.909000,-2.969000,0.244000,4.163746
6,90.00,2.913000,-2.965000,0.254000,4.164290
6,91.50,2.911000,-2.967000,0.215000,4.162119
6,93.00,3.243000,-2.962000,0.202000,4.396737
6,94.50,3.340000,-2.934000,0.164000,4.448691
6,96.00,3.398000,-2.912000,0.111000,4.476435
6,97.50,3.422000,-2.891000,0.100000,4.480844
6,99.00,3.440000,-2.886000,0.092000,4.491220
6,100.50,3.622000,-2.874000,0.076000,4.624342
6,102.00,4.137000,-2.786000,-0.020000,4.987681
6,103.50,4.439000,-2.706000,-0.074000,5.199292
6,105.00,4.658000,-2.654000,-0.116000,5.362288
6,106.50,4.925000,-2.564000,-0.192000,5.555770
6,108.00,5.140000,-2.507000,-0.247000,5.724129
6,109.50,5.401000,-2.420000,-0.292000,5.925577
6,111.00,5.598000,-2.343000,-0.326000,6.077296
6,112.50,5.837000,-2.262000,-0.373000,6.271072
6,114.00,6.007000,-2.179000,-0.413000,6.403332
6,115.50,6.169000,-2.113000,-0.443000,6.535869
6,117.00,6.402000,-2.004000,-0.486000,6.725906
6,118.50,6.585000,-1.914000,-0.537000,6.878517
6,120.00,6.794000,-1.805000,-0.583000,7.053818
6,121.50,6.950000,-1.715000,-0.624000,7.185618
6,123.00,7.121000,-1.603000,-0.659000,7.328883
6,124.50,7.333000,-1.474000,-0.715000,7.513773
6,126.00,7.491000,-1.362000,-0.709000,7.646751
6,127.50,7.667000,-1.221000,-0.805000,7.805239
6,129.00,7.807000,-1.107000,-0.830000,7.928657
6,130.50,7.951000,-0.984000,-0.865000,8.058218
6,132.00,8.122000,-0.814000,-0.905000,8.212704
6,133.50,8.244000,-0.686000,-0.943000,8.326066
6,135.00,8.397000,-0.520000,-0.978000,8.469740
6,136.50,8.498000,-0.383000,-1.012000,8.566612
6,138.00,8.611000,-0.218000,-1.054000,8.678004
6,139.50,8.702000,-0.060000,-1.083000,8.769338
6,141.00,8.789000,0.083000,-1.103000,8.858330
6,142.50,8.868000,0.265000,-1.137000,8.944519
6,144.00,8.941000,0.422000,-1.149000,9.024398
6,145.50,8.981000,0.572000,-1.166000,9.074420
6,147.00,9.028000,0.725000,-1.184000,9.134126
6,148.50,9.060000,0.870000,-1.199000,9.180311
6,150.00,9.089000,1.057000,-1.206000,9.229388
6,151.50,9.103000,1.210000,-1.221000,9.263884
6,153.00,9.107000,1.370000,-1.234000,9.291776
6,154.50,9.096000,1.522000,-1.247000,9.306380
6,156.00,9.079000,1.674000,-1.240000,9.314941
6,157.50,9.049000,1.874000,-1.245000,9.324500
6,159.00,8.997000,2.024000,-1.246000,9.305649
6,160.50,8.956000,2.168000,-1.238000,9.297462
6,162.00,8.896000,2.316000,-1.241000,9.275923
6,163.50,8.836000,2.456000,-1.239000,9.254294
6,165.00,8.735000,2.647000,-1.223000,9.208831
6,166.50,8.638000,2.792000,-1.219000,9.159491
6,168.00,8.554000,2.933000,-1.204000,9.122665
6,169.50,8.441000,3.067000,-1.187000,9.059025
6,171.00,8.328000,3.202000,-1.177000,8.999651
6,172.50,8.171000,3.373000,-1.158000,8.915343
6,174.00,8.033000,3.489000,-1.127000,8.830195
6,175.50,7.894000,3.614000,-1.106000,8.752112
6,177.00,7.738000,3.725000,-1.090000,8.656811
6,178.50,7.586000,3.852000,-1.054000,8.572993
6,180.00,7.373000,3.988000,-1.028000,8.445239
6,181.50,7.206000,4.099000,-0.997000,8.349985
6,183.00,7.021000,4.200000,-0.964000,8.237945
6,184.50,6.821000,4.285000,-0.928000,8.108542
6,186.00,6.641000,4.380000,-0.898000,8.005853
6,187.50,6.369000,4.504000,-0.845000,7.846286
6,189.00,6.143000,4.594000,-0.814000,7.713876
6,190.50,5.929000,4.663000,-0.777000,7.582898
6,192.00,5.711000,4.738000,-0.737000,7.457033
6,193.50,5.478000,4.805000,-0.699000,7.320185
6,195.00,5.179000,4.891000,-0.638000,7.151990
6,196.50,4.934000,4.951000,-0.592000,7.014786
6,198.00,4.687000,5.001000,-0.550000,6.876080
6,199.50,4.437000,5.045000,-0.499000,6.737061
6,201.00,4.179000,5.101000,-0.448000,6.609459
6,202.50,3.838000,5.150000,-0.396000,6.435026
6,204.00,3.576000,5.180000,-0.345000,6.303904
6,205.50,3.298000,5.209000,-0.293000,6.172223
6,207.00,3.027000,5.237000,-0.238000,6.053556
6,208.50,2.737000,5.252000,-0.188000,5.925371
6,210.00,2.382000,5.268000,-0.116000,5.782664
6,211.50,2.105000,5.278000,-0.073000,5.682749
6,213.00,1.825000,5.280000,-0.023000,5.586551
6,214.50,1.518000,5.266000,0.048000,5.480637
6,216.00,1.242000,5.260000,0.102000,5.405605
6,217.50,0.970000,5.255000,0.154000,5.345993
6,219.00,0.686000,5.238000,0.194000,5.286291
6,220.50,0.418000,5.217000,0.254000,5.239879
6,222.00,0.121000,5.187000,0.303000,5.197251
6,223.50,-0.177000,5.150000,0.363000,5.165810
6,225.00,-0.447000,5.112000,0.422000,5.148829
6,226.50,-0.788000,5.060000,0.484000,5.143812
6,228.00,-1.076000,5.010000,0.549000,5.153569
6,229.50,-1.347000,4.958000,0.603000,5.172986
6,231.00,-1.623000,4.898000,0.661000,5.202062
6,232.50,-1.896000,4.836000,0.713000,5.243098
6,234.00,-2.232000,4.748000,0.769000,5.302517
6,235.50,-2.493000,4.666000,0.846000,5.357455
6,237.00,-2.760000,4.588000,0.892000,5.427984
6,238.50,-2.992000,4.514000,0.958000,5.499639
6,240.00,-3.272000,4.418000,0.999000,5.587728
6,241.50,-3.605000,4.296000,1.051000,5.705808
6,243.00,-3.852000,4.191000,1.128000,5.802997
6,244.50,-4.100000,4.080000,1.171000,5.901495
6,246.00,-4.330000,3.974000,1.222000,6.002904
6,247.50,-4.578000,3.859000,1.261000,6.118830
6,249.00,-4.849000,3.707000,1.325000,6.245821
6,250.50,-5.051000,3.580000,1.378000,6.342546
6,252.00,-5.242000,3.461000,1.403000,6.436264
6,253.50,-5.424000,3.327000,1.465000,6.529543
6,255.00,-5.602000,3.202000,1.505000,6.625725
6,256.50,-5.791000,3.052000,1.561000,6.729570
6,258.00,-5.941000,2.923000,1.580000,6.807041
6,259.50,-6.071000,2.810000,1.609000,6.880554
6,261.00,-6.203000,2.684000,1.647000,6.956556
6,262.50,-6.310000,2.574000,1.679000,7.018591
6,264.00,-6.458000,2.403000,1.709000,7.099356
6,265.50,-6.555000,2.269000,1.740000,7.151502
6,267.00,-6.645000,2.139000,1.757000,7.198499
6,268.50,-6.736000,2.017000,1.785000,7.254530
6,270.00,-6.819000,1.880000,1.806000,7.300329
6,271.50,-6.897000,1.700000,1.839000,7.337611
6,273.00,-6.976000,1.575000,1.850000,7.386995
6,274.50,-7.019000,1.444000,1.869000,7.405718
6,276.00,-7.060000,1.311000,1.894000,7.426275
6,277.50,-7.107000,1.173000,1.903000,7.450288
6,279.00,-7.125000,1.004000,1.912000,7.445091
6,280.50,-7.153000,0.871000,1.928000,7.459305
6,282.00,-7.164000,0.742000,1.934000,7.457467
6,283.50,-7.167000,0.617000,1.935000,7.449215
6,285.00,-7.162000,0.445000,1.947000,7.435259
6,286.50,-7.150000,0.316000,1.951000,7.418137
6,288.00,-7.128000,0.196000,1.941000,7.390148
6,289.50,-7.099000,0.060000,1.961000,7.365115
6,291.00,-7.047000,-0.077000,1.942000,7.310096
6,292.50,-6.990000,-0.234000,1.955000,7.262016
6,294.00,-6.943000,-0.356000,1.949000,7.220151
6,295.50,-6.866000,-0.495000,1.936000,7.150879
6,297.00,-6.799000,-0.614000,1.927000,7.093428
6,298.50,-6.713000,-0.732000,1.916000,7.019348
6,300.00,-6.609000,-0.881000,1.903000,6.933718
6,301.50,-6.518000,-0.984000,1.891000,6.857730
6,303.00,-6.395000,-1.125000,1.882000,6.760442
6,304.50,-6.282000,-1.238000,1.859000,6.667237
6,306.00,-6.169000,-1.340000,1.843000,6.576383
6,307.50,-6.020000,-1.453000,1.830000,6.457593
6,309.00,-5.895000,-1.565000,1.804000,6.360398
6,310.50,-5.729000,-1.684000,1.776000,6.229885
6,312.00,-5.588000,-1.767000,1.761000,6.119571
6,313.50,-5.444000,-1.861000,1.723000,6.005763
6,315.00,-5.264000,-1.968000,1.708000,5.873669
6,316.50,-5.100000,-2.057000,1.685000,5.751563
6,318.00,-4.902000,-2.155000,1.655000,5.604699
6,319.50,-4.732000,-2.231000,1.627000,5.478715
6,321.00,-4.519000,-2.327000,1.582000,5.323440
6,322.50,-4.342000,-2.390000,1.553000,5.193927
6,324.00,-4.152000,-2.465000,1.516000,5.060987
6,325.50,-3.917000,-2.555000,1.479000,4.904932
6,327.00,-3.718000,-2.606000,1.449000,4.765959
6,328.50,-3.477000,-2.673000,1.397000,4.602832
6,330.00,-3.274000,-2.747000,1.363000,4.485850
6,331.50,-3.049000,-2.787000,1.327000,4.338744
6,333.00,-2.795000,-2.855000,1.281000,4.195713
6,334.50,-2.567000,-2.901000,1.243000,4.068211
6,336.00,-2.305000,-2.942000,1.186000,3.921095
6,337.50,-2.088000,-2.984000,1.163000,3.823162
6,339.00,-1.790000,-3.027000,1.104000,3.685871
6,340.50,-1.556000,-3.052000,1.061000,3.586302
6,342.00,-1.325000,-3.081000,1.012000,3.503189
6,343.50,-1.012000,-3.118000,0.953000,3.413836
6,345.00,-0.777000,-3.142000,0.910000,3.362141
6,346.50,-0.483000,-3.158000,0.873000,3.311855
6,348.00,-0.243000,-3.176000,0.826000,3.290638
6,349.50,0.018000,-3.179000,0.764000,3.269566
6,351.00,0.339000,-3.178000,0.704000,3.272647
6,352.50,0.604000,-3.180000,0.655000,3.302460
6,354.00,0.843000,-3.187000,0.608000,3.352206
6,355.50,1.085000,-3.179000,0.574000,3.407747
6,357.00,1.342000,-3.164000,0.518000,3.475656
6,358.50,1.660000,-3.144000,0.450000,3.583690
7,0.00,1.913000,-3.124000,0.398000,3.684745
7,1.49,2.165000,-3.105000,0.373000,3.803601
7,2.98,2.418000,-3.078000,0.314000,3.926755
7,4.46,2.645000,-3.052000,0.279000,4.048280
7,5.95,2.977000,-3.015000,0.227000,4.243145
7,7.44,2.986000,-2.977000,0.225000,4.222481
7,8.93,2.918000,-2.972000,0.225000,4.171107
7,10.41,2.913000,-2.978000,0.247000,4.173136
7,11.90,2.899000,-2.979000,0.233000,4.163284
7,13.39,2.932000,-2.978000,0.242000,4.186129
7,14.88,2.919000,-2.970000,0.227000,4.170490
7,16.36,2.920000,-2.975000,0.231000,4.174971
7,17.85,2.927000,-2.978000,0.235000,4.182229
7,19.34,2.917000,-2.973000,0.230000,4.171393
7,20.83,2.925000,-2.967000,0.230000,4.172723
7,22.31,2.915000,-2.980000,0.238000,4.175436
7,23.80,2.919000,-2.977000,0.240000,4.176205
7,25.29,2.925000,-2.968000,0.239000,4.173939
7,26.78,2.921000,-2.978000,0.234000,4.177976
7,28.26,2.919000,-2.968000,0.245000,4.170085
7,29.75,2.920000,-2.968000,0.231000,4.169986
7,31.24,2.917000,-2.975000,0.241000,4.173439
7,32.73,2.918000,-2.978000,0.233000,4.175823
7,34.21,2.916000,-2.970000,0.237000,4.168948
7,35.70,2.912000,-2.973000,0.229000,4.167843
7,37.19,2.916000,-2.972000,0.237000,4.170373
7,38.68,2.922000,-2.966000,0.237000,4.170301
7,40.17,2.914000,-2.973000,0.240000,4.169859
7,41.65,2.916000,-2.964000,0.245000,4.165138
7,43.14,2.922000,-2.972000,0.234000,4.174401
7,44.63,2.919000,-2.967000,0.238000,4.168968
7,46.12,2.917000,-2.967000,0.240000,4.167683
7,47.60,2.917000,-2.973000,0.248000,4.172424
7,49.09,2.912000,-2.978000,0.236000,4.171801
7,50.58,2.917000,-2.969000,0.238000,4.168992
7,52.07,2.916000,-2.967000,0.236000,4.166754
7,53.55,2.918000,-2.972000,0.232000,4.171490
7,55.04,2.910000,-2.972000,0.232000,4.165898
7,56.53,2.910000,-2.968000,0.230000,4.162935
7,58.02,2.915000,-2.970000,0.230000,4.167856
7,59.50,2.865000,-2.941000,0.241000,4.112881
7,60.99,2.829000,-2.879000,0.214000,4.041989
7,62.48,2.813000,-2.820000,0.214000,3.988880
7,63.97,2.797000,-2.749000,0.205000,3.927115
7,65.45,2.771000,-2.733000,0.207000,3.897509
7,66.94,2.769000,-2.743000,0.193000,3.902391
7,68.43,2.768000,-2.739000,0.211000,3.899803
7,69.92,2.776000,-2.732000,0.200000,3.900000
7,71.40,2.766000,-2.735000,0.194000,3.894691
7,72.89,2.778000,-2.732000,0.205000,3.901683
7,74.38,2.772000,-2.732000,0.206000,3.897466
7,75.87,2.771000,-2.735000,0.199000,3.898495
7,77.36,2.781000,-2.733000,0.203000,3.904415
7,78.84,2.775000,-2.733000,0.194000,3.899686
7,80.33,2.773000,-2.739000,0.201000,3.902826
7,81.82,2.774000,-2.736000,0.193000,3.901028
7,83.31,2.774000,-2.739000,0.197000,3.903333
7,84.79,2.775000,-2.734000,0.195000,3.900437
7,86.28,2.776000,-2.733000,0.205000,3.900960
7,87.77,2.779000,-2.736000,0.204000,3.905144
7,89.26,2.771000,-2.738000,0.197000,3.900499
7,90.74,2.756000,-2.706000,0.164000,3.865859
7,92.23,2.913000,-2.763000,0.195000,4.019672
7,93.72,3.106000,-2.703000,0.128000,4.119445
7,95.21,3.073000,-2.701000,0.122000,4.093118
7,96.69,3.074000,-2.691000,0.121000,4.087248
7,98.18,3.058000,-2.687000,0.094000,4.071875
7,99.67,3.115000,-2.696000,0.103000,4.120953
7,101.16,3.516000,-2.640000,0.041000,4.396992
7,102.64,3.874000,-2.551000,-0.023000,4.638535
7,104.13,4.086000,-2.501000,-0.065000,4.791098
7,105.62,4.304000,-2.449000,-0.104000,4.953063
7,107.11,4.490000,-2.389000,-0.173000,5.088944
7,108.60,4.680000,-2.348000,-0.167000,5.238644
7,110.08,4.898000,-2.270000,-0.228000,5.403266
7,111.57,5.072000,-2.214000,-0.262000,5.540363
7,113.06,5.305000,-2.122000,-0.327000,5.723010
7,114.55,5.491000,-2.041000,-0.360000,5.869102
7,116.03,5.674000,-1.961000,-0.392000,6.016100
7,117.52,5.900000,-1.877000,-0.449000,6.207635
7,119.01,6.084000,-1.786000,-0.477000,6.358646
7,120.50,6.297000,-1.670000,-0.545000,6.537441
7,121.98,6.456000,-1.589000,-0.572000,6.673233
7,123.47,6.658000,-1.468000,-0.602000,6.844442
7,124.96,6.803000,-1.369000,-0.645000,6.969289
7,126.45,6.961000,-1.257000,-0.678000,7.106001
7,127.93,7.139000,-1.126000,-0.724000,7.263427
7,129.42,7.262000,-1.026000,-0.746000,7.371963
7,130.91,7.433000,-0.885000,-0.791000,7.527177
7,132.40,7.566000,-0.767000,-0.824000,7.649289
7,133.88,7.689000,-0.649000,-0.854000,7.763455
7,135.37,7.829000,-0.469000,-0.886000,7.892921
7,136.86,7.938000,-0.356000,-0.909000,7.997804
7,138.35,8.062000,-0.197000,-0.950000,8.120170
7,139.83,8.147000,-0.060000,-0.963000,8.203937
7,141.32,8.227000,0.075000,-0.996000,8.287410
7,142.81,8.321000,0.261000,-1.028000,8.388322
7,144.30,8.384000,0.401000,-1.036000,8.457278
7,145.79,8.442000,0.532000,-1.051000,8.523790
7,147.27,8.485000,0.687000,-1.073000,8.580124
7,148.76,8.535000,0.866000,-1.091000,8.647917
7,150.25,8.552000,1.014000,-1.102000,8.682126
7,151.74,8.576000,1.161000,-1.109000,8.724997
7,153.22,8.580000,1.300000,-1.114000,8.749137
7,154.71,8.577000,1.444000,-1.121000,8.769647
7,156.20,8.553000,1.627000,-1.132000,8.779656
7,157.69,8.532000,1.768000,-1.128000,8.785968
7,159.17,8.503000,1.918000,-1.124000,8.788806
7,160.66,8.457000,2.062000,-1.124000,8.777019
7,162.15,8.409000,2.197000,-1.118000,8.762877
7,163.64,8.334000,2.366000,-1.114000,8.734673
7,165.12,8.261000,2.518000,-1.102000,8.706253
7,166.61,8.181000,2.642000,-1.101000,8.667244
7,168.10,8.097000,2.777000,-1.082000,8.628086
7,169.59,7.999000,2.905000,-1.061000,8.576057
7,171.07,7.850000,3.068000,-1.058000,8.494380
7,172.56,7.741000,3.194000,-1.024000,8.436427
7,174.05,7.612000,3.312000,-1.004000,8.361812
7,175.54,7.489000,3.429000,-0.992000,8.296218
7,177.02,7.350000,3.546000,-0.965000,8.217533
7,178.51,7.157000,3.678000,-0.932000,8.100553
7,180.00,6.999000,3.788000,-0.908000,8.009957
7,181.49,6.824000,3.896000,-0.868000,7.905645
7,182.98,6.655000,3.991000,-0.845000,7.805840
7,184.46,6.477000,4.081000,-0.811000,7.698299
7,185.95,6.244000,4.186000,-0.776000,7.557269
7,187.44,6.047000,4.281000,-0.729000,7.444771
7,188.93,5.832000,4.373000,-0.696000,7.322552
7,190.41,5.618000,4.445000,-0.665000,7.194593
7,191.90,5.393000,4.512000,-0.622000,7.059000
7,193.39,5.116000,4.585000,-0.582000,6.894520
7,194.88,4.889000,4.652000,-0.535000,6.769760
7,196.36,4.658000,4.709000,-0.494000,6.641964
7,197.85,4.417000,4.767000,-0.458000,6.514902
7,199.34,4.164000,4.804000,-0.409000,6.370604
7,200.83,3.858000,4.858000,-0.347000,6.213271
7,202.31,3.614000,4.896000,-0.306000,6.093066
7,203.80,3.362000,4.926000,-0.261000,5.969643
7,205.29,3.110000,4.945000,-0.214000,5.845590
7,206.78,2.854000,4.968000,-0.176000,5.732130
7,208.26,2.530000,4.989000,-0.111000,5.594939
7,209.75,2.256000,5.005000,-0.065000,5.490336
7,211.24,1.989000,5.004000,-0.014000,5.384824
7,212.73,1.726000,5.005000,0.032000,5.294348
7,214.21,1.466000,5.003000,0.087000,5.214090
7,215.70,1.195000,4.997000,0.157000,5.140300
7,217.19,0.928000,4.975000,0.201000,5.064801
7,218.68,0.666000,4.956000,0.247000,5.006646
7,220.17,0.402000,4.933000,0.295000,4.958137
7,221.65,0.148000,4.907000,0.336000,4.920716
7,223.14,-0.119000,4.877000,0.405000,4.895234
7,224.63,-0.383000,4.846000,0.448000,4.881712
7,226.12,-0.705000,4.788000,0.515000,4.866949
7,227.60,-0.961000,4.741000,0.553000,4.868923
7,229.09,-1.210000,4.692000,0.608000,4.883506
7,230.58,-1.453000,4.646000,0.676000,4.914621
7,232.07,-1.707000,4.585000,0.698000,4.941991
7,233.55,-2.009000,4.504000,0.773000,4.991956
7,235.04,-2.254000,4.430000,0.819000,5.037477
7,236.53,-2.489000,4.355000,0.862000,5.089616
7,238.02,-2.732000,4.287000,0.922000,5.166457
7,239.50,-2.935000,4.217000,0.960000,5.226750
7,240.99,-3.226000,4.111000,1.005000,5.321412
7,242.48,-3.488000,4.005000,1.061000,5.415892
7,243.97,-3.718000,3.907000,1.122000,5.508816
7,245.45,-3.930000,3.809000,1.161000,5.594757
7,246.94,-4.147000,3.709000,1.190000,5.689498
7,248.43,-4.424000,3.562000,1.250000,5.815679
7,249.92,-4.612000,3.444000,1.301000,5.901210
7,251.40,-4.796000,3.332000,1.334000,5.990275
7,252.89,-4.966000,3.213000,1.370000,6.071361
7,254.38,-5.133000,3.102000,1.412000,6.161480
7,255.87,-5.331000,2.956000,1.454000,6.266707
7,257.36,-5.459000,2.837000,1.485000,6.328860
7,258.84,-5.595000,2.730000,1.504000,6.404603
7,260.33,-5.716000,2.613000,1.536000,6.469909
7,261.82,-5.834000,2.491000,1.577000,6.536633
7,263.31,-5.966000,2.337000,1.596000,6.603177
7,264.79,-6.072000,2.218000,1.626000,6.665777
7,266.28,-6.162000,2.094000,1.650000,6.713984
7,267.77,-6.251000,1.965000,1.669000,6.761789
7,269.26,-6.337000,1.844000,1.693000,6.813527
7,270.74,-6.414000,1.681000,1.706000,6.846575
7,272.23,-6.480000,1.558000,1.736000,6.887050
7,273.72,-6.528000,1.440000,1.739000,6.907424
7,275.21,-6.572000,1.324000,1.756000,6.930202
7,276.69,-6.616000,1.195000,1.771000,6.952404
7,278.18,-6.645000,1.041000,1.788000,6.959644
7,279.67,-6.670000,0.923000,1.806000,6.971547
7,281.16,-6.679000,0.794000,1.809000,6.965053
7,282.64,-6.693000,0.674000,1.819000,6.968449
7,284.13,-6.693000,0.561000,1.820000,6.958690
7,285.62,-6.683000,0.391000,1.818000,6.936894
7,287.11,-6.665000,0.277000,1.829000,6.916950
7,288.60,-6.645000,0.169000,1.834000,6.895516
7,290.08,-6.616000,0.053000,1.826000,6.863566
7,291.57,-6.585000,-0.071000,1.808000,6.829065
7,293.06,-6.525000,-0.206000,1.814000,6.775593
7,294.55,-6.479000,-0.304000,1.812000,6.734479
7,296.03,-6.416000,-0.453000,1.807000,6.680982
7,297.52,-6.341000,-0.564000,1.802000,6.616161
7,299.01,-6.243000,-0.699000,1.787000,6.531234
7,300.50,-6.161000,-0.803000,1.770000,6.460312
7,301.98,-6.079000,-0.904000,1.767000,6.394822
7,303.47,-5.961000,-1.041000,1.741000,6.296688
7,304.96,-5.857000,-1.132000,1.728000,6.210625
7,306.45,-5.736000,-1.256000,1.713000,6.116666
7,307.93,-5.623000,-1.344000,1.689000,6.023055
7,309.42,-5.511000,-1.432000,1.666000,5.932731
7,310.91,-5.350000,-1.546000,1.644000,5.806492
7,312.40,-5.214000,-1.634000,1.632000,5.702559
7,313.88,-5.048000,-1.741000,1.597000,5.573490
7,315.37,-4.906000,-1.823000,1.581000,5.467333
7,316.86,-4.760000,-1.911000,1.547000,5.357493
7,318.35,-4.558000,-1.996000,1.522000,5.203447
7,319.83,-4.399000,-2.074000,1.494000,5.087702
7,321.32,-4.177000,-2.161000,1.449000,4.921062
7,322.81,-4.012000,-2.222000,1.440000,4.806977
7,324.30,-3.789000,-2.310000,1.396000,4.652036
7,325.79,-3.605000,-2.370000,1.348000,4.519959
7,327.27,-3.426000,-2.430000,1.320000,4.402815
7,328.76,-3.180000,-2.497000,1.285000,4.242480
7,330.25,-2.982000,-2.547000,1.242000,4.113648
7,331.74,-2.727000,-2.611000,1.210000,3.964587
7,333.22,-2.501000,-2.648000,1.169000,3.825371
7,334.71,-2.299000,-2.697000,1.134000,3.720909
7,336.20,-2.050000,-2.739000,1.083000,3.588525
7,337.69,-1.828000,-2.772000,1.045000,3.481033
7,339.17,-1.548000,-2.815000,0.997000,3.363709
7,340.66,-1.329000,-2.845000,0.948000,3.280087
7,342.15,-1.082000,-2.869000,0.921000,3.201582
7,343.64,-0.807000,-2.895000,0.857000,3.125176
7,345.12,-0.579000,-2.904000,0.817000,3.071798
7,346.61,-0.288000,-2.920000,0.776000,3.035049
7,348.10,-0.054000,-2.933000,0.729000,3.022722
7,349.59,0.249000,-2.937000,0.678000,3.024509
7,351.07,0.501000,-2.934000,0.622000,3.040763
7,352.56,0.737000,-2.934000,0.579000,3.080059
7,354.05,0.965000,-2.934000,0.542000,3.135816
7,355.54,1.208000,-2.916000,0.490000,3.194123
7,357.02,1.507000,-2.904000,0.435000,3.300529
7,358.51,1.732000,-2.887000,0.396000,3.389898
8,0.00,1.979000,-2.860000,0.358000,3.496313
8,1.49,2.211000,-2.835000,0.308000,3.608408
8,2.99,2.430000,-2.812000,0.254000,3.725152
8,4.48,2.713000,-2.773000,0.203000,3.884727
8,5.98,2.951000,-2.746000,0.187000,4.035330
8,7.47,3.005000,-2.727000,0.186000,4.062161
8,8.96,2.906000,-2.717000,0.184000,3.982560
8,10.46,2.903000,-2.713000,0.181000,3.977504
8,11.95,2.916000,-2.703000,0.160000,3.979305
8,13.44,2.913000,-2.698000,0.174000,3.974299
8,14.94,2.917000,-2.705000,0.177000,3.982115
8,16.43,2.923000,-2.703000,0.175000,3.985068
8,17.93,2.920000,-2.699000,0.172000,3.980023
8,19.42,2.915000,-2.701000,0.178000,3.977978
8,20.91,2.918000,-2.700000,0.178000,3.979498
8,22.41,2.918000,-2.698000,0.174000,3.977965
8,23.90,2.920000,-2.706000,0.168000,3.984603
8,25.39,2.921000,-2.701000,0.184000,3.982650
8,26.89,2.917000,-2.706000,0.176000,3.982750
8,28.38,2.919000,-2.699000,0.171000,3.979247
8,29.88,2.913000,-2.705000,0.168000,3.978796
8,31.37,2.919000,-2.706000,0.169000,3.983912
8,32.86,2.918000,-2.709000,0.166000,3.985092
8,34.36,2.919000,-2.697000,0.171000,3.977890
8,35.85,2.916000,-2.706000,0.170000,3.981757
8,37.34,2.915000,-2.698000,0.163000,3.975298
8,38.84,2.917000,-2.709000,0.178000,3.984878
8,40.33,2.915000,-2.704000,0.167000,3.979539
8,41.83,2.919000,-2.700000,0.170000,3.979882
8,43.32,2.913000,-2.705000,0.168000,3.978796
8,44.81,2.912000,-2.697000,0.174000,3.972887
8,46.31,2.921000,-2.701000,0.177000,3.982332
8,47.80,2.918000,-2.706000,0.178000,3.983572
8,49.29,2.921000,-2.703000,0.173000,3.983513
8,50.79,2.915000,-2.701000,0.176000,3.977889
8,52.28,2.920000,-2.706000,0.176000,3.984948
8,53.78,2.914000,-2.701000,0.171000,3.976938
8,55.27,2.910000,-2.702000,0.167000,3.974518
8,56.76,2.914000,-2.706000,0.176000,3.980554
8,58.26,2.915000,-2.698000,0.176000,3.975853
8,59.75,2.894000,-2.690000,0.181000,3.955262
8,61.24,2.812000,-2.660000,0.202000,3.876048
8,62.74,2.782000,-2.599000,0.199000,3.812339
8,64.23,2.732000,-2.539000,0.201000,3.735070
8,65.73,2.711000,-2.513000,0.216000,3.702883
8,67.22,2.703000,-2.508000,0.204000,3.692951
8,68.71,2.704000,-2.510000,0.232000,3.696693
8,70.21,2.696000,-2.505000,0.209000,3.686071
8,71.70,2.703000,-2.507000,0.215000,3.692896
8,73.20,2.703000,-2.500000,0.216000,3.688206
8,74.69,2.698000,-2.508000,0.215000,3.689918
8,76.18,2.703000,-2.515000,0.203000,3.697654
8,77.68,2.716000,-2.502000,0.219000,3.699273
8,79.17,2.706000,-2.509000,0.210000,3.696162
8,80.66,2.705000,-2.508000,0.208000,3.694638
8,82.16,2.708000,-2.509000,0.213000,3.697799
8,83.65,2.700000,-2.499000,0.209000,3.684926
8,85.15,2.702000,-2.507000,0.218000,3.692340
8,86.64,2.700000,-2.504000,0.220000,3.688959
8,88.13,2.704000,-2.508000,0.217000,3.694424
8,89.63,2.701000,-2.511000,0.208000,3.693750
8,91.12,2.702000,-2.499000,0.214000,3.686679
8,92.61,2.718000,-2.505000,0.220000,3.702830
8,94.11,3.013000,-2.498000,0.187000,3.918309
8,95.60,3.096000,-2.472000,0.138000,3.964220
8,97.10,3.136000,-2.452000,0.121000,3.982642
8,98.59,3.120000,-2.444000,0.097000,3.964460
8,100.08,3.142000,-2.437000,0.110000,3.977843
8,101.58,3.366000,-2.412000,0.074000,4.141639
8,103.07,3.722000,-2.346000,0.018000,4.399696
8,104.56,3.970000,-2.288000,-0.020000,4.582166
8,106.06,4.162000,-2.229000,-0.062000,4.721708
8,107.55,4.339000,-2.174000,-0.120000,4.854647
8,109.05,4.540000,-2.111000,-0.147000,5.008945
8,110.54,4.763000,-2.048000,-0.174000,5.187557
8,112.03,4.928000,-1.986000,-0.218000,5.317603
8,113.53,5.123000,-1.914000,-0.263000,5.475189
8,115.02,5.294000,-1.842000,-0.289000,5.612746
8,116.51,5.475000,-1.766000,-0.315000,5.761389
8,118.01,5.662000,-1.682000,-0.363000,5.917697
8,119.50,5.839000,-1.592000,-0.400000,6.065343
8,121.00,6.022000,-1.500000,-0.437000,6.221371
8,122.49,6.174000,-1.414000,-0.480000,6.352013
8,123.98,6.323000,-1.320000,-0.512000,6.479574
8,125.48,6.515000,-1.196000,-0.549000,6.646581
8,126.97,6.658000,-1.097000,-0.589000,6.773426
8,128.46,6.829000,-0.971000,-0.628000,6.926216
8,129.96,6.954000,-0.869000,-0.653000,7.038443
8,131.45,7.107000,-0.733000,-0.686000,7.177558
8,132.95,7.232000,-0.623000,-0.721000,7.294504
8,134.44,7.342000,-0.505000,-0.752000,7.397668
8,135.93,7.475000,-0.355000,-0.785000,7.524485
8,137.43,7.572000,-0.234000,-0.809000,7.618689
8,138.92,7.682000,-0.073000,-0.833000,7.727376
8,140.41,7.766000,0.062000,-0.858000,7.813499
8,141.91,7.831000,0.174000,-0.873000,7.881432
8,143.40,7.901000,0.314000,-0.884000,7.956498
8,144.90,7.981000,0.482000,-0.916000,8.047841
8,146.39,8.019000,0.609000,-0.939000,8.096725
8,147.88,8.057000,0.752000,-0.956000,8.148294
8,149.38,8.093000,0.873000,-0.957000,8.196013
8,150.87,8.102000,1.003000,-0.975000,8.221863
8,152.37,8.121000,1.175000,-0.990000,8.265069
8,153.86,8.121000,1.315000,-0.996000,8.286850
8,155.35,8.129000,1.448000,-1.002000,8.317533
8,156.85,8.111000,1.579000,-0.998000,8.323315
8,158.34,8.076000,1.713000,-1.007000,8.316862
8,159.83,8.036000,1.879000,-1.005000,8.313721
8,161.33,7.999000,2.013000,-0.995000,8.308200
8,162.82,7.958000,2.138000,-0.988000,8.299214
8,164.32,7.888000,2.260000,-0.982000,8.263926
8,165.81,7.825000,2.399000,-0.988000,8.243905
8,167.30,7.734000,2.555000,-0.978000,8.203613
8,168.80,7.641000,2.680000,-0.972000,8.155493
8,170.29,7.544000,2.799000,-0.950000,8.102397
8,171.78,7.440000,2.912000,-0.936000,8.044218
8,173.28,7.338000,3.037000,-0.922000,7.994979
8,174.77,7.191000,3.170000,-0.903000,7.910423
8,176.27,7.061000,3.279000,-0.890000,7.835921
8,177.76,6.930000,3.383000,-0.874000,7.761022
8,179.25,6.790000,3.478000,-0.844000,7.675475
8,180.75,6.634000,3.588000,-0.818000,7.586358
8,182.24,6.444000,3.706000,-0.781000,7.474592
8,183.73,6.284000,3.800000,-0.764000,7.383248
8,185.23,6.109000,3.881000,-0.740000,7.275276
8,186.72,5.938000,3.969000,-0.703000,7.176839
8,188.22,5.748000,4.053000,-0.675000,7.065546
8,189.71,5.494000,4.155000,-0.627000,6.916733
8,191.20,5.285000,4.230000,-0.590000,6.795015
8,192.70,5.086000,4.293000,-0.559000,6.679051
8,194.19,4.873000,4.356000,-0.525000,6.557171
8,195.68,4.664000,4.421000,-0.476000,6.443967
8,197.18,4.386000,4.489000,-0.433000,6.290915
8,198.67,4.161000,4.528000,-0.399000,6.162459
8,200.17,3.933000,4.575000,-0.361000,6.043959
8,201.66,3.692000,4.618000,-0.319000,5.921026
8,203.15,3.453000,4.653000,-0.280000,5.801036
8,204.65,3.146000,4.683000,-0.224000,5.646059
8,206.14,2.913000,4.715000,-0.171000,5.544911
8,207.63,2.652000,4.733000,-0.126000,5.426810
8,209.13,2.426000,4.754000,-0.090000,5.337986
8,210.62,2.168000,4.755000,-0.046000,5.226123
8,212.12,1.860000,4.771000,0.004000,5.120748
8,213.61,1.610000,4.765000,0.053000,5.029924
8,215.10,1.343000,4.761000,0.102000,4.947845
8,216.60,1.091000,4.749000,0.152000,4.875078
8,218.09,0.832000,4.737000,0.192000,4.813342
8,219.59,0.576000,4.720000,0.241000,4.761119
8,221.08,0.335000,4.702000,0.285000,4.722526
8,222.57,0.074000,4.671000,0.324000,4.682808
8,224.07,-0.173000,4.643000,0.380000,4.661736
8,225.56,-0.422000,4.606000,0.439000,4.646078
8,227.05,-0.670000,4.565000,0.478000,4.638600
8,228.55,-0.900000,4.523000,0.511000,4.639898
8,230.04,-1.137000,4.475000,0.579000,4.653347
8,231.54,-1.441000,4.408000,0.638000,4.681238
8,233.03,-1.680000,4.348000,0.656000,4.707211
8,234.52,-1.916000,4.295000,0.711000,4.756427
8,236.02,-2.143000,4.224000,0.775000,4.799505
8,237.51,-2.365000,4.152000,0.807000,4.845986
8,239.00,-2.639000,4.067000,0.868000,4.925265
8,240.50,-2.862000,3.987000,0.903000,4.990253
8,241.99,-3.086000,3.899000,0.947000,5.061858
8,243.49,-3.343000,3.797000,1.003000,5.157409
8,244.98,-3.553000,3.701000,1.042000,5.235167
8,246.47,-3.812000,3.577000,1.094000,5.340703
8,247.97,-4.017000,3.482000,1.124000,5.433598
8,249.46,-4.214000,3.368000,1.175000,5.521037
8,250.95,-4.395000,3.258000,1.206000,5.602234
8,252.45,-4.563000,3.151000,1.245000,5.683291
8,253.94,-4.769000,3.016000,1.288000,5.787794
8,255.44,-4.909000,2.904000,1.327000,5.855974
8,256.93,-5.050000,2.780000,1.365000,5.924029
8,258.42,-5.177000,2.685000,1.382000,5.993370
8,259.92,-5.298000,2.577000,1.418000,6.059741
8,261.41,-5.444000,2.440000,1.438000,6.136659
8,262.90,-5.543000,2.332000,1.472000,6.191111
8,264.40,-5.641000,2.218000,1.483000,6.240168
8,265.89,-5.737000,2.101000,1.508000,6.292967
8,267.39,-5.820000,2.003000,1.535000,6.343551
8,268.88,-5.916000,1.848000,1.555000,6.390007
8,270.37,-5.983000,1.719000,1.568000,6.419492
8,271.87,-6.042000,1.615000,1.592000,6.453561
8,273.36,-6.100000,1.501000,1.604000,6.483503
8,274.85,-6.157000,1.369000,1.618000,6.511585
8,276.35,-6.197000,1.237000,1.629000,6.525842
8,277.84,-6.228000,1.126000,1.652000,6.541022
8,279.34,-6.255000,1.018000,1.655000,6.549838
8,280.83,-6.276000,0.896000,1.654000,6.551848
8,282.32,-6.291000,0.763000,1.666000,6.552435
8,283.82,-6.293000,0.647000,1.675000,6.544164
8,285.31,-6.291000,0.541000,1.685000,6.535181
8,286.80,-6.281000,0.431000,1.677000,6.515294
8,288.30,-6.260000,0.316000,1.690000,6.491807
8,289.79,-6.237000,0.182000,1.683000,6.462645
8,291.29,-6.197000,0.065000,1.693000,6.424429
8,292.78,-6.172000,-0.033000,1.675000,6.395334
8,294.27,-6.138000,-0.137000,1.690000,6.367881
8,295.77,-6.074000,-0.261000,1.665000,6.303477
8,297.26,-6.015000,-0.370000,1.669000,6.253214
8,298.76,-5.932000,-0.501000,1.659000,6.179960
8,300.25,-5.858000,-0.598000,1.648000,6.114709
8,301.74,-5.785000,-0.704000,1.644000,6.055128
8,303.24,-5.685000,-0.817000,1.638000,5.972416
8,304.73,-5.589000,-0.910000,1.624000,5.890874
8,306.22,-5.471000,-1.022000,1.593000,5.789125
8,307.72,-5.363000,-1.109000,1.581000,5.700106
8,309.21,-5.265000,-1.202000,1.568000,5.623491
8,310.71,-5.128000,-1.318000,1.543000,5.514921
8,312.20,-4.996000,-1.400000,1.526000,5.408206
8,313.69,-4.851000,-1.503000,1.510000,5.298236
8,315.19,-4.720000,-1.578000,1.486000,5.193908
8,316.68,-4.538000,-1.667000,1.478000,5.055375
8,318.17,-4.391000,-1.743000,1.446000,4.940632
8,319.67,-4.246000,-1.819000,1.418000,4.831977
8,321.16,-4.047000,-1.903000,1.388000,4.682538
8,322.66,-3.893000,-1.976000,1.366000,4.574492
8,324.15,-3.685000,-2.063000,1.319000,4.424359
8,325.64,-3.506000,-2.110000,1.312000,4.297148
8,327.14,-3.340000,-2.173000,1.265000,4.180640
8,328.63,-3.117000,-2.236000,1.239000,4.031192
8,330.12,-2.935000,-2.293000,1.208000,3.915525
8,331.62,-2.703000,-2.353000,1.172000,3.770464
8,333.11,-2.508000,-2.400000,1.142000,3.654344
8,334.61,-2.311000,-2.441000,1.118000,3.542475
8,336.10,-2.082000,-2.485000,1.055000,3.409248
8,337.59,-1.873000,-2.527000,1.035000,3.311357
8,339.09,-1.624000,-2.566000,0.976000,3.189719
8,340.58,-1.425000,-2.588000,0.943000,3.101228
8,342.07,-1.163000,-2.616000,0.912000,3.004625
8,343.57,-0.950000,-2.647000,0.860000,2.940869
8,345.06,-0.735000,-2.665000,0.829000,2.886120
8,346.56,-0.485000,-2.676000,0.785000,2.830623
8,348.05,-0.260000,-2.692000,0.758000,2.808741
8,349.54,0.008000,-2.704000,0.702000,2.793651
8,351.04,0.234000,-2.705000,0.653000,2.792524
8,352.53,0.468000,-2.714000,0.605000,2.819724
8,354.02,0.681000,-2.709000,0.583000,2.853477
8,355.52,0.897000,-2.701000,0.551000,2.898898
8,357.01,1.171000,-2.698000,0.495000,2.982527
8,358.51,1.392000,-2.682000,0.454000,3.055635
9,0.00,1.613000,-2.669000,0.415000,3.146038
9,1.49,1.839000,-2.642000,0.367000,3.239873
9,2.99,2.054000,-2.630000,0.339000,3.354212
9,4.48,2.308000,-2.595000,0.286000,3.484636
9,5.98,2.551000,-2.580000,0.261000,3.637598
9,7.47,2.604000,-2.567000,0.260000,3.665775
9,8.96,2.595000,-2.556000,0.261000,3.651751
9,10.46,2.596000,-2.559000,0.262000,3.654633
9,11.95,2.591000,-2.563000,0.258000,3.653603
9,13.44,2.594000,-2.558000,0.260000,3.652369
9,14.94,2.604000,-2.559000,0.263000,3.660392
9,16.43,2.599000,-2.557000,0.259000,3.655151
9,17.93,2.594000,-2.560000,0.266000,3.654202
9,19.42,2.602000,-2.554000,0.258000,3.655118
9,20.91,2.599000,-2.554000,0.262000,3.653267
9,22.41,2.606000,-2.554000,0.258000,3.657966
9,23.90,2.597000,-2.554000,0.268000,3.652280
9,25.39,2.603000,-2.551000,0.261000,3.653947
9,26.89,2.601000,-2.553000,0.256000,3.653566
9,28.38,2.598000,-2.554000,0.264000,3.652700
9,29.88,2.597000,-2.550000,0.256000,3.648622
9,31.37,2.607000,-2.553000,0.251000,3.657494
9,32.86,2.600000,-2.554000,0.265000,3.654195
9,34.36,2.597000,-2.549000,0.255000,3.647853
9,35.85,2.600000,-2.556000,0.258000,3.655092
9,37.34,2.601000,-2.552000,0.258000,3.653008
9,38.84,2.600000,-2.546000,0.264000,3.648536
9,40.33,2.603000,-2.553000,0.261000,3.655344
9,41.83,2.602000,-2.553000,0.247000,3.653659
9,43.32,2.608000,-2.552000,0.252000,3.657577
9,44.81,2.603000,-2.554000,0.252000,3.655411
9,46.31,2.607000,-2.548000,0.250000,3.653937
9,47.80,2.600000,-2.558000,0.250000,3.655935
9,49.29,2.601000,-2.554000,0.257000,3.654335
9,50.79,2.600000,-2.549000,0.271000,3.651143
9,52.28,2.597000,-2.544000,0.256000,3.644432
9,53.78,2.598000,-2.549000,0.250000,3.648219
9,55.27,2.607000,-2.549000,0.257000,3.655120
9,56.76,2.602000,-2.546000,0.261000,3.649745
9,58.26,2.557000,-2.516000,0.278000,3.598026
9,59.75,2.528000,-2.474000,0.273000,3.547674
9,61.24,2.494000,-2.424000,0.262000,3.487758
9,62.74,2.460000,-2.375000,0.273000,3.430270
9,64.23,2.469000,-2.365000,0.257000,3.428591
9,65.73,2.464000,-2.360000,0.276000,3.423021
9,67.22,2.449000,-2.362000,0.264000,3.412674
9,68.71,2.456000,-2.359000,0.261000,3.415397
9,70.21,2.456000,-2.365000,0.266000,3.419929
9,71.70,2.449000,-2.369000,0.270000,3.417991
9,73.20,2.458000,-2.360000,0.269000,3.418146
9,74.69,2.457000,-2.358000,0.265000,3.415734
9,76.18,2.455000,-2.359000,0.276000,3.415857
9,77.68,2.452000,-2.361000,0.267000,3.414369
9,79.17,2.459000,-2.365000,0.259000,3.421547
9,80.66,2.454000,-2.358000,0.271000,3.414048
9,82.16,2.459000,-2.359000,0.261000,3.417555
9,83.65,2.456000,-2.364000,0.272000,3.419710
9,85.15,2.457000,-2.362000,0.274000,3.419206
9,86.64,2.452000,-2.369000,0.268000,3.419984
9,88.13,2.457000,-2.358000,0.264000,3.415656
9,89.63,2.429000,-2.342000,0.205000,3.380389
9,91.12,2.743000,-2.329000,0.225000,3.605401
9,92.61,2.914000,-2.295000,0.170000,3.713128
9,94.11,2.943000,-2.276000,0.164000,3.724019
9,95.60,2.936000,-2.271000,0.161000,3.715301
9,97.10,2.928000,-2.277000,0.150000,3.712198
9,98.59,2.934000,-2.259000,0.134000,3.705320
9,100.08,3.040000,-2.263000,0.110000,3.791420
9,101.58,3.361000,-2.212000,0.083000,4.024445
9,103.07,3.711000,-2.117000,-0.007000,4.272383
9,104.56,3.886000,-2.082000,-0.010000,4.408607
9,106.06,4.096000,-2.009000,-0.074000,4.562759
9,107.55,4.300000,-1.952000,-0.117000,4.723769
9,109.05,4.527000,-1.878000,-0.162000,4.903759
9,110.54,4.682000,-1.827000,-0.180000,5.029061
9,112.03,4.831000,-1.764000,-0.234000,5.148302
9,113.53,4.998000,-1.697000,-0.241000,5.283739
9,115.02,5.130000,-1.650000,-0.282000,5.396195
9,116.51,5.283000,-1.577000,-0.311000,5.522114
9,118.01,5.435000,-1.509000,-0.335000,5.650534
9,119.50,5.629000,-1.402000,-0.373000,5.812949
9,121.00,5.778000,-1.321000,-0.409000,5.941179
9,122.49,5.928000,-1.235000,-0.440000,6.071244
9,123.98,6.109000,-1.112000,-0.473000,6.227371
9,125.48,6.248000,-1.024000,-0.519000,6.352593
9,126.97,6.421000,-0.898000,-0.548000,6.506608
9,128.46,6.541000,-0.803000,-0.585000,6.616020
9,129.96,6.647000,-0.714000,-0.603000,6.712378
9,131.45,6.799000,-0.571000,-0.633000,6.852235
9,132.95,6.904000,-0.461000,-0.671000,6.951833
9,134.44,7.037000,-0.312000,-0.677000,7.076372
9,135.93,7.119000,-0.200000,-0.727000,7.158819
9,137.43,7.217000,-0.079000,-0.738000,7.255065
9,138.92,7.311000,0.072000,-0.766000,7.351371
9,140.41,7.381000,0.180000,-0.791000,7.425446
9,141.91,7.448000,0.306000,-0.796000,7.496663
9,143.40,7.501000,0.432000,-0.821000,7.558152
9,144.90,7.556000,0.576000,-0.836000,7.623897
9,146.39,7.592000,0.712000,-0.854000,7.672987
9,147.88,7.625000,0.827000,-0.862000,7.718005
9,149.38,7.643000,0.941000,-0.867000,7.749362
9,150.87,7.671000,1.110000,-0.887000,7.801481
9,152.37,7.674000,1.232000,-0.899000,7.824085
9,153.86,7.670000,1.357000,-0.908000,7.841863
9,155.35,7.657000,1.467000,-0.915000,7.849775
9,156.85,7.639000,1.585000,-0.906000,7.854132
9,158.34,7.607000,1.755000,-0.924000,7.861314
9,159.83,7.565000,1.882000,-0.899000,7.847251
9,161.33,7.527000,1.991000,-0.904000,7.838177
9,162.82,7.470000,2.112000,-0.900000,7.814822
9,164.32,7.416000,2.235000,-0.897000,7.797236
9,165.81,7.329000,2.386000,-0.890000,7.758823
9,167.30,7.243000,2.500000,-0.873000,7.711886
9,168.80,7.167000,2.615000,-0.869000,7.678494
9,170.29,7.068000,2.723000,-0.855000,7.622492
9,171.78,6.980000,2.838000,-0.844000,7.582017
9,173.28,6.831000,2.968000,-0.808000,7.491625
9,174.77,6.717000,3.070000,-0.806000,7.429174
9,176.27,6.588000,3.172000,-0.784000,7.353773
9,177.76,6.471000,3.269000,-0.762000,7.289777
9,179.25,6.341000,3.375000,-0.735000,7.220743
9,180.75,6.141000,3.486000,-0.719000,7.097960
9,182.24,5.987000,3.578000,-0.693000,7.009030
9,183.73,5.836000,3.655000,-0.664000,6.918007
9,185.23,5.674000,3.737000,-0.648000,6.824907
9,186.72,5.492000,3.821000,-0.612000,6.718381
9,188.22,5.261000,3.904000,-0.587000,6.577530
9,189.71,5.070000,3.986000,-0.542000,6.472006
9,191.20,4.877000,4.048000,-0.514000,6.358902
9,192.70,4.690000,4.109000,-0.484000,6.254138
9,194.19,4.482000,4.175000,-0.456000,6.142222
9,195.68,4.232000,4.229000,-0.402000,5.996321
9,197.18,4.019000,4.281000,-0.375000,5.883872
9,198.67,3.806000,4.326000,-0.344000,5.772196
9,200.17,3.582000,4.365000,-0.306000,5.654873
9,201.66,3.365000,4.403000,-0.260000,5.547723
9,203.15,3.082000,4.435000,-0.221000,5.405256
9,204.65,2.869000,4.459000,-0.189000,5.305616
9,206.14,2.632000,4.479000,-0.142000,5.197021
9,207.63,2.409000,4.501000,-0.100000,5.106102
9,209.13,2.189000,4.511000,-0.052000,5.014334
9,210.62,1.897000,4.523000,-0.006000,4.904709
9,212.12,1.665000,4.522000,0.021000,4.818833
9,213.61,1.422000,4.514000,0.062000,4.733088
9,215.10,1.198000,4.515000,0.107000,4.672460
9,216.60,0.963000,4.505000,0.137000,4.608814
9,218.09,0.735000,4.489000,0.189000,4.552699
9,219.59,0.507000,4.474000,0.231000,4.508557
9,221.08,0.268000,4.450000,0.279000,4.466785
9,222.57,0.037000,4.431000,0.321000,4.442766
9,224.07,-0.196000,4.395000,0.366000,4.414566
9,225.56,-0.419000,4.365000,0.409000,4.404097
9,227.05,-0.644000,4.330000,0.438000,4.399486
9,228.55,-0.868000,4.297000,0.501000,4.412328
9,230.04,-1.141000,4.231000,0.540000,4.415296
9,231.54,-1.363000,4.188000,0.578000,4.441981
9,233.03,-1.577000,4.139000,0.629000,4.473689
9,234.52,-1.803000,4.085000,0.646000,4.511690
9,236.02,-2.016000,4.017000,0.700000,4.548686
9,237.51,-2.281000,3.941000,0.754000,4.615513
9,239.00,-2.483000,3.864000,0.807000,4.663372
9,240.50,-2.702000,3.790000,0.825000,4.727106
9,241.99,-2.933000,3.708000,0.869000,4.806965
9,243.49,-3.125000,3.628000,0.920000,4.875901
9,244.98,-3.384000,3.511000,0.961000,4.970121
9,246.47,-3.591000,3.423000,1.002000,5.061246
9,247.97,-3.792000,3.319000,1.036000,5.144737
9,249.46,-3.967000,3.213000,1.079000,5.217729
9,250.95,-4.152000,3.107000,1.113000,5.303897
9,252.45,-4.360000,2.985000,1.157000,5.409110
9,253.94,-4.504000,2.874000,1.187000,5.473103
9,255.44,-4.651000,2.766000,1.219000,5.546938
9,256.93,-4.776000,2.671000,1.254000,5.613994
9,258.42,-4.901000,2.560000,1.280000,5.675544
9,259.92,-5.041000,2.433000,1.295000,5.745276
9,261.41,-5.149000,2.337000,1.331000,5.809073
9,262.90,-5.247000,2.220000,1.351000,5.855306
9,264.40,-5.335000,2.110000,1.373000,5.899106
9,265.89,-5.420000,2.000000,1.409000,5.946569
9,267.39,-5.526000,1.872000,1.418000,6.004314
9,268.88,-5.599000,1.757000,1.443000,6.043021
9,270.37,-5.654000,1.652000,1.458000,6.068162
9,271.87,-5.712000,1.537000,1.471000,6.095339
9,273.36,-5.768000,1.432000,1.493000,6.127764
9,274.85,-5.813000,1.296000,1.512000,6.144650
9,276.35,-5.860000,1.177000,1.520000,6.167279
9,277.84,-5.878000,1.081000,1.529000,6.169059
9,279.34,-5.899000,0.969000,1.543000,6.173979
9,280.83,-5.911000,0.856000,1.549000,6.170256
9,282.32,-5.926000,0.720000,1.556000,6.169037
9,283.82,-5.926000,0.614000,1.562000,6.159084
9,285.31,-5.922000,0.514000,1.560000,6.145558
9,286.80,-5.906000,0.401000,1.569000,6.124002
9,288.30,-5.900000,0.295000,1.570000,6.112440
9,289.79,-5.863000,0.156000,1.572000,6.072091
9,291.29,-5.828000,0.059000,1.569000,6.035795
9,292.78,-5.791000,-0.033000,1.558000,5.997010
9,294.27,-5.747000,-0.132000,1.561000,5.956690
9,295.77,-5.685000,-0.257000,1.560000,5.900752
9,297.26,-5.626000,-0.355000,1.552000,5.846931
9,298.76,-5.545000,-0.496000,1.543000,5.777014
9,300.25,-5.469000,-0.590000,1.534000,5.710623
9,301.74,-5.375000,-0.691000,1.543000,5.634621
9,303.24,-5.295000,-0.796000,1.502000,5.561173
9,304.73,-5.197000,-0.888000,1.493000,5.479635
9,306.22,-5.079000,-0.993000,1.485000,5.384005
9,307.72,-4.979000,-1.072000,1.470000,5.300993
9,309.21,-4.838000,-1.181000,1.451000,5.187139
9,310.71,-4.728000,-1.259000,1.441000,5.100544
9,312.20,-4.608000,-1.342000,1.415000,5.003684
9,313.69,-4.455000,-1.433000,1.391000,4.882151
9,315.19,-4.335000,-1.503000,1.373000,4.789192
9,316.68,-4.168000,-1.601000,1.348000,4.663961
9,318.17,-4.017000,-1.665000,1.325000,4.545783
9,319.67,-3.875000,-1.733000,1.310000,4.442411
9,321.16,-3.692000,-1.812000,1.283000,4.308166
9,322.66,-3.539000,-1.869000,1.251000,4.193171
9,324.15,-3.332000,-1.942000,1.211000,4.042290
9,325.64,-3.179000,-2.005000,1.205000,3.946909
9,327.14,-2.967000,-2.056000,1.169000,3.794310
9,328.63,-2.804000,-2.107000,1.141000,3.688326
9,330.12,-2.624000,-2.162000,1.114000,3.577795
9,331.62,-2.393000,-2.203000,1.068000,3.423490
9,333.11,-2.219000,-2.247000,1.039000,3.324529
9,334.61,-1.991000,-2.293000,1.018000,3.202851
9,336.10,-1.805000,-2.335000,0.962000,3.104141
9,337.59,-1.619000,-2.361000,0.934000,3.011285
9,339.09,-1.388000,-2.397000,0.897000,2.911488
9,340.58,-1.193000,-2.415000,0.866000,2.829387
9,342.07,-0.943000,-2.446000,0.836000,2.751556
9,343.57,-0.741000,-2.464000,0.791000,2.691850
9,345.06,-0.548000,-2.483000,0.752000,2.651622
9,346.56,-0.292000,-2.492000,0.722000,2.610864
9,348.05,-0.101000,-2.507000,0.689000,2.601917
9,349.54,0.161000,-2.518000,0.642000,2.603538
9,351.04,0.374000,-2.512000,0.609000,2.611685
9,352.53,0.584000,-2.518000,0.565000,2.645866
9,354.02,0.788000,-2.520000,0.535000,2.693988
9,355.52,1.054000,-2.504000,0.484000,2.759563
9,357.01,1.261000,-2.493000,0.442000,2.828522
9,358.51,1.468000,-2.483000,0.407000,2.913067
10,0.00,1.671000,-2.466000,0.372000,3.001963
10,1.48,1.880000,-2.438000,0.341000,3.097503
10,2.96,2.135000,-2.409000,0.294000,3.232328
10,4.44,2.347000,-2.379000,0.249000,3.351127
10,5.93,2.551000,-2.377000,0.220000,3.493727
10,7.41,2.614000,-2.351000,0.223000,3.522772
10,8.89,2.540000,-2.336000,0.225000,3.458196
10,10.37,2.509000,-2.332000,0.229000,3.433037
10,11.85,2.513000,-2.337000,0.205000,3.437843
10,13.33,2.514000,-2.330000,0.227000,3.435204
10,14.81,2.524000,-2.330000,0.227000,3.442529
10,16.30,2.529000,-2.328000,0.229000,3.444977
10,17.78,2.522000,-2.328000,0.221000,3.439318
10,19.26,2.521000,-2.333000,0.215000,3.441592
10,20.74,2.515000,-2.333000,0.221000,3.437580
10,22.22,2.522000,-2.328000,0.217000,3.439063
10,23.70,2.525000,-2.331000,0.224000,3.443742
10,25.19,2.526000,-2.328000,0.220000,3.442188
10,26.67,2.529000,-2.328000,0.228000,3.444911
10,28.15,2.520000,-2.331000,0.225000,3.440143
10,29.63,2.524000,-2.327000,0.224000,3.440302
10,31.11,2.517000,-2.326000,0.213000,3.433793
10,32.59,2.512000,-2.332000,0.225000,3.434966
10,34.07,2.525000,-2.325000,0.227000,3.439881
10,35.56,2.521000,-2.331000,0.220000,3.440553
10,37.04,2.524000,-2.324000,0.223000,3.438209
10,38.52,2.532000,-2.331000,0.239000,3.449885
10,40.00,2.518000,-2.328000,0.217000,3.436131
10,41.48,2.520000,-2.323000,0.225000,3.434728
10,42.96,2.521000,-2.326000,0.222000,3.437296
10,44.44,2.518000,-2.323000,0.205000,3.432008
10,45.93,2.519000,-2.331000,0.222000,3.439216
10,47.41,2.523000,-2.325000,0.221000,3.438022
10,48.89,2.521000,-2.329000,0.220000,3.439198
10,50.37,2.516000,-2.323000,0.224000,3.431729
10,51.85,2.526000,-2.330000,0.225000,3.443864
10,53.33,2.518000,-2.327000,0.220000,3.435644
10,54.81,2.523000,-2.330000,0.218000,3.441214
10,56.30,2.517000,-2.329000,0.228000,3.436788
10,57.78,2.517000,-2.328000,0.221000,3.435653
10,59.26,2.519000,-2.329000,0.230000,3.438387
10,60.74,2.506000,-2.318000,0.230000,3.421412
10,62.22,2.458000,-2.258000,0.224000,3.345221
10,63.70,2.448000,-2.212000,0.215000,3.306338
10,65.19,2.430000,-2.166000,0.209000,3.261922
10,66.67,2.418000,-2.146000,0.212000,3.239905
10,68.15,2.417000,-2.143000,0.205000,3.236721
10,69.63,2.410000,-2.149000,0.205000,3.235479
10,71.11,2.414000,-2.147000,0.201000,3.236882
10,72.59,2.413000,-2.145000,0.196000,3.234503
10,74.07,2.416000,-2.145000,0.199000,3.236925
10,75.56,2.415000,-2.141000,0.210000,3.234224
10,77.04,2.415000,-2.142000,0.208000,3.234757
10,78.52,2.416000,-2.140000,0.193000,3.233250
10,80.00,2.412000,-2.144000,0.210000,3.233973
10,81.48,2.415000,-2.142000,0.200000,3.234252
10,82.96,2.415000,-2.142000,0.204000,3.234502
10,84.44,2.419000,-2.146000,0.213000,3.240717
10,85.93,2.419000,-2.145000,0.208000,3.239730
10,87.41,2.418000,-2.140000,0.210000,3.235803
10,88.89,2.418000,-2.141000,0.210000,3.236465
10,90.37,2.412000,-2.147000,0.201000,3.235391
10,91.85,2.407000,-2.131000,0.169000,3.219219
10,93.33,2.460000,-2.180000,0.235000,3.295334
10,94.81,2.637000,-2.138000,0.174000,3.399278
10,96.30,2.656000,-2.133000,0.162000,3.410318
10,97.78,2.706000,-2.122000,0.137000,3.441524
10,99.26,2.709000,-2.113000,0.135000,3.438266
10,100.74,2.808000,-2.102000,0.120000,3.509654
10,102.22,3.070000,-2.056000,0.085000,3.695844
10,103.70,3.316000,-1.999000,0.046000,3.872205
10,105.19,3.502000,-1.956000,0.003000,4.011228
10,106.67,3.709000,-1.898000,-0.028000,4.166518
10,108.15,3.844000,-1.852000,-0.074000,4.267519
10,109.63,4.047000,-1.805000,-0.090000,4.432193
10,111.11,4.195000,-1.747000,-0.123000,4.545895
10,112.59,4.351000,-1.689000,-0.146000,4.669608
10,114.07,4.543000,-1.628000,-0.195000,4.829830
10,115.56,4.686000,-1.567000,-0.209000,4.945479
10,117.04,4.869000,-1.486000,-0.251000,5.096897
10,118.52,5.026000,-1.427000,-0.292000,5.232807
10,120.00,5.177000,-1.346000,-0.307000,5.357919
10,121.48,5.352000,-1.248000,-0.356000,5.507099
10,122.96,5.477000,-1.184000,-0.383000,5.616589
10,124.44,5.655000,-1.079000,-0.401000,5.770968
10,125.93,5.779000,-0.999000,-0.434000,5.880748
10,127.41,5.914000,-0.906000,-0.463000,6.000883
10,128.89,6.056000,-0.797000,-0.502000,6.128813
10,130.37,6.162000,-0.712000,-0.517000,6.224506
10,131.85,6.297000,-0.610000,-0.549000,6.350253
10,133.33,6.410000,-0.500000,-0.580000,6.455579
10,134.81,6.537000,-0.351000,-0.600000,6.573855
10,136.30,6.630000,-0.259000,-0.630000,6.664899
10,137.78,6.722000,-0.162000,-0.650000,6.755296
10,139.26,6.823000,-0.010000,-0.676000,6.856413
10,140.74,6.894000,0.091000,-0.692000,6.929241
10,142.22,6.959000,0.196000,-0.709000,6.997770
10,143.70,7.044000,0.345000,-0.734000,7.090537
10,145.19,7.088000,0.472000,-0.752000,7.143391
10,146.67,7.134000,0.579000,-0.757000,7.197378
10,148.15,7.164000,0.701000,-0.765000,7.238751
10,149.63,7.198000,0.802000,-0.773000,7.283676
10,151.11,7.226000,0.960000,-0.800000,7.333258
10,152.59,7.246000,1.074000,-0.805000,7.369262
10,154.07,7.252000,1.194000,-0.800000,7.393047
10,155.56,7.257000,1.312000,-0.809000,7.418886
10,157.04,7.251000,1.425000,-0.813000,7.434285
10,158.52,7.225000,1.579000,-0.809000,7.439647
10,160.00,7.200000,1.708000,-0.813000,7.444342
10,161.48,7.157000,1.822000,-0.803000,7.428805
10,162.96,7.122000,1.935000,-0.807000,7.424174
10,164.44,7.081000,2.056000,-0.796000,7.416287
10,165.93,6.998000,2.189000,-0.800000,7.375888
10,167.41,6.930000,2.300000,-0.787000,7.343995
10,168.89,6.862000,2.421000,-0.774000,7.317606
10,170.37,6.779000,2.527000,-0.762000,7.274697
10,171.85,6.690000,2.635000,-0.747000,7.228923
10,173.33,6.570000,2.766000,-0.740000,7.166816
10,174.81,6.453000,2.867000,-0.719000,7.097736
10,176.30,6.346000,2.966000,-0.701000,7.039906
10,177.78,6.223000,3.070000,-0.682000,6.972500
10,179.26,6.087000,3.152000,-0.672000,6.887544
10,180.74,5.915000,3.277000,-0.644000,6.792694
10,182.22,5.779000,3.365000,-0.604000,6.714528
10,183.70,5.633000,3.447000,-0.601000,6.631267
10,185.19,5.494000,3.523000,-0.567000,6.551111
10,186.67,5.331000,3.591000,-0.549000,6.451065
10,188.15,5.124000,3.686000,-0.506000,6.332299
10,189.63,4.929000,3.758000,-0.487000,6.217296
10,191.11,4.748000,3.823000,-0.453000,6.112613
10,192.59,4.568000,3.884000,-0.435000,6.011764
10,194.07,4.387000,3.936000,-0.405000,5.907782
10,195.56,4.147000,4.004000,-0.359000,5.775682
10,197.04,3.943000,4.053000,-0.333000,5.664358
10,198.52,3.751000,4.093000,-0.293000,5.559541
10,200.00,3.555000,4.134000,-0.265000,5.458773
10,201.48,3.357000,4.171000,-0.228000,5.358981
10,202.96,3.096000,4.205000,-0.181000,5.224940
10,204.44,2.897000,4.229000,-0.144000,5.128137
10,205.93,2.675000,4.256000,-0.113000,5.028114
10,207.41,2.476000,4.267000,-0.076000,4.933928
10,208.89,2.265000,4.282000,-0.045000,4.844355
10,210.37,1.995000,4.298000,0.013000,4.738459
10,211.85,1.772000,4.298000,0.041000,4.649136
10,213.33,1.555000,4.297000,0.075000,4.570324
10,214.81,1.351000,4.301000,0.102000,4.509347
10,216.30,1.121000,4.291000,0.154000,4.437684
10,217.78,0.895000,4.278000,0.192000,4.374834
10,219.26,0.681000,4.267000,0.237000,4.327496
10,220.74,0.467000,4.256000,0.263000,4.289615
10,222.22,0.259000,4.228000,0.307000,4.247036
10,223.70,0.042000,4.216000,0.355000,4.231128
10,225.19,-0.179000,4.174000,0.388000,4.195815
10,226.67,-0.398000,4.145000,0.432000,4.186413
10,228.15,-0.619000,4.113000,0.458000,4.184459
10,229.63,-0.822000,4.076000,0.511000,4.189341
10,231.11,-1.029000,4.038000,0.544000,4.202407
10,232.59,-1.288000,3.968000,0.596000,4.214165
10,234.07,-1.498000,3.916000,0.620000,4.238332
10,235.56,-1.708000,3.869000,0.667000,4.281508
10,237.04,-1.921000,3.805000,0.713000,4.321647
10,238.52,-2.133000,3.723000,0.742000,4.354421
10,240.00,-2.361000,3.658000,0.803000,4.427199
10,241.48,-2.553000,3.581000,0.817000,4.473126
10,242.96,-2.783000,3.504000,0.856000,4.555858
10,244.44,-2.979000,3.415000,0.901000,4.620440
10,245.93,-3.160000,3.329000,0.936000,4.684436
10,247.41,-3.398000,3.222000,0.964000,4.780898
10,248.89,-3.575000,3.126000,1.012000,4.855579
10,250.37,-3.738000,3.028000,1.043000,4.922324
10,251.85,-3.897000,2.943000,1.075000,5.000348
10,253.33,-4.040000,2.842000,1.114000,5.063552
10,254.81,-4.224000,2.724000,1.137000,5.153166
10,256.30,-4.348000,2.628000,1.159000,5.211024
10,257.78,-4.471000,2.522000,1.196000,5.270744
10,259.26,-4.586000,2.428000,1.214000,5.329200
10,260.74,-4.691000,2.339000,1.238000,5.386005
10,262.22,-4.816000,2.219000,1.268000,5.452123
10,263.70,-4.905000,2.117000,1.291000,5.496125
10,265.19,-4.990000,2.022000,1.313000,5.541891
10,266.67,-5.066000,1.916000,1.326000,5.576171
10,268.15,-5.138000,1.816000,1.340000,5.611818
10,269.63,-5.228000,1.690000,1.366000,5.661629
10,271.11,-5.283000,1.588000,1.372000,5.684560
10,272.59,-5.330000,1.486000,1.381000,5.703004
10,274.07,-5.384000,1.385000,1.399000,5.732616
10,275.56,-5.434000,1.264000,1.414000,5.755471
10,277.04,-5.471000,1.160000,1.424000,5.771067
10,278.52,-5.493000,1.058000,1.453000,5.779587
10,280.00,-5.526000,0.954000,1.447000,5.791425
10,281.48,-5.528000,0.862000,1.446000,5.778646
10,282.96,-5.544000,0.726000,1.448000,5.775787
10,284.44,-5.543000,0.626000,1.464000,5.767150
10,285.93,-5.539000,0.538000,1.474000,5.756965
10,287.41,-5.538000,0.444000,1.465000,5.745677
10,288.89,-5.536000,0.335000,1.462000,5.735588
10,290.37,-5.496000,0.211000,1.476000,5.694657
10,291.85,-5.463000,0.121000,1.462000,5.656541
10,293.33,-5.438000,0.023000,1.455000,5.629334
10,294.81,-5.398000,-0.069000,1.463000,5.593169
10,296.30,-5.342000,-0.176000,1.455000,5.539401
10,297.78,-5.295000,-0.278000,1.449000,5.496718
10,299.26,-5.228000,-0.366000,1.444000,5.436090
10,300.74,-5.148000,-0.492000,1.434000,5.366593
10,302.22,-5.088000,-0.576000,1.424000,5.314819
10,303.70,-4.977000,-0.697000,1.415000,5.220973
10,305.19,-4.894000,-0.771000,1.398000,5.147823
10,306.67,-4.813000,-0.853000,1.379000,5.078801
10,308.15,-4.695000,-0.956000,1.367000,4.982534
10,309.63,-4.592000,-1.030000,1.363000,4.899503
10,311.11,-4.462000,-1.137000,1.339000,4.795324
10,312.59,-4.348000,-1.208000,1.321000,4.702064
10,314.07,-4.203000,-1.300000,1.310000,4.590350
10,315.56,-4.080000,-1.363000,1.290000,4.490910
10,317.04,-3.960000,-1.434000,1.268000,4.398384
10,318.52,-3.799000,-1.517000,1.239000,4.274203
10,320.00,-3.661000,-1.575000,1.228000,4.170315
10,321.48,-3.488000,-1.653000,1.193000,4.040025
10,322.96,-3.339000,-1.701000,1.172000,3.926309
10,324.44,-3.186000,-1.767000,1.144000,3.818589
10,325.93,-2.997000,-1.835000,1.118000,3.687704
10,327.41,-2.837000,-1.880000,1.105000,3.578267
10,328.89,-2.640000,-1.940000,1.073000,3.447395
10,330.37,-2.475000,-1.987000,1.027000,3.335944
10,331.85,-2.306000,-2.029000,1.009000,3.233042
10,333.33,-2.091000,-2.068000,0.977000,3.098941
10,334.81,-1.919000,-2.112000,0.940000,3.004448
10,336.30,-1.709000,-2.142000,0.910000,2.887377
10,337.78,-1.527000,-2.181000,0.884000,2.805342
10,339.26,-1.302000,-2.206000,0.840000,2.695782
10,340.74,-1.119000,-2.238000,0.815000,2.631545
10,342.22,-0.929000,-2.266000,0.778000,2.569646
10,343.70,-0.687000,-2.271000,0.734000,2.483579
10,345.19,-0.509000,-2.291000,0.705000,2.450467
10,346.67,-0.266000,-2.302000,0.670000,2.412231
10,348.15,-0.081000,-2.312000,0.641000,2.400580
10,349.63,0.125000,-2.320000,0.602000,2.400089
10,351.11,0.378000,-2.325000,0.554000,2.419799
10,352.59,0.584000,-2.323000,0.526000,2.452358
10,354.07,0.770000,-2.325000,0.492000,2.498117
10,355.56,0.976000,-2.315000,0.461000,2.554275
10,357.04,1.175000,-2.309000,0.422000,2.624917
10,358.52,1.413000,-2.288000,0.384000,2.716426
11,0.00,1.623000,-2.268000,0.340000,2.809547
11,1.49,1.818000,-2.255000,0.315000,2.913653
11,2.99,2.011000,-2.223000,0.262000,3.009069
11,4.48,2.201000,-2.210000,0.236000,3.127970
11,5.98,2.455000,-2.171000,0.200000,3.283332
11,7.47,2.555000,-2.161000,0.202000,3.352424
11,8.96,2.467000,-2.136000,0.205000,3.269650
11,10.46,2.459000,-2.141000,0.198000,3.266461
11,11.95,2.474000,-2.136000,0.189000,3.273972
11,13.44,2.479000,-2.139000,0.188000,3.279650
11,14.94,2.483000,-2.129000,0.192000,3.276400
11,16.43,2.477000,-2.129000,0.186000,3.271508
11,17.93,2.483000,-2.137000,0.192000,3.281604
11,19.42,2.481000,-2.133000,0.181000,3.276860
11,20.91,2.482000,-2.133000,0.193000,3.278302
11,22.41,2.476000,-2.133000,0.201000,3.274243
11,23.90,2.479000,-2.128000,0.201000,3.273259
11,25.39,2.478000,-2.126000,0.193000,3.270720
11,26.89,2.480000,-2.133000,0.189000,3.276555
11,28.38,2.478000,-2.129000,0.192000,3.272612
11,29.88,2.482000,-2.127000,0.201000,3.274882
11,31.37,2.481000,-2.129000,0.191000,3.274826
11,32.86,2.478000,-2.136000,0.190000,3.277054
11,34.36,2.480000,-2.130000,0.186000,3.274431
11,35.85,2.481000,-2.133000,0.185000,3.277083
11,37.34,2.482000,-2.128000,0.188000,3.274760
11,38.84,2.484000,-2.129000,0.199000,3.277575
11,40.33,2.477000,-2.125000,0.200000,3.269733
11,41.83,2.487000,-2.125000,0.195000,3.277014
11,43.32,2.479000,-2.125000,0.187000,3.270479
11,44.81,2.477000,-2.133000,0.195000,3.274636
11,46.31,2.474000,-2.132000,0.191000,3.271480
11,47.80,2.475000,-2.131000,0.195000,3.271821
11,49.29,2.474000,-2.129000,0.193000,3.269643
11,50.79,2.473000,-2.137000,0.190000,3.273927
11,52.28,2.471000,-2.130000,0.190000,3.267850
11,53.78,2.471000,-2.132000,0.195000,3.269448
11,55.27,2.473000,-2.124000,0.193000,3.265632
11,56.76,2.471000,-2.129000,0.183000,3.266798
11,58.26,2.450000,-2.122000,0.195000,3.247062
11,59.75,2.401000,-2.075000,0.206000,3.180073
11,61.24,2.368000,-2.039000,0.217000,3.132417
11,62.74,2.342000,-2.002000,0.226000,3.089344
11,64.23,2.315000,-1.977000,0.223000,3.052455
11,65.73,2.316000,-1.973000,0.218000,3.050264
11,67.22,2.314000,-1.985000,0.225000,3.057032
11,68.71,2.304000,-1.981000,0.212000,3.045935
11,70.21,2.297000,-1.984000,0.219000,3.043095
11,71.70,2.297000,-1.981000,0.223000,3.041430
11,73.20,2.313000,-1.974000,0.221000,3.048850
11,74.69,2.305000,-1.974000,0.225000,3.043078
11,76.18,2.307000,-1.972000,0.221000,3.043004
11,77.68,2.301000,-1.979000,0.216000,3.042647
11,79.17,2.302000,-1.984000,0.217000,3.046728
11,80.66,2.307000,-1.981000,0.219000,3.048700
11,82.16,2.311000,-1.978000,0.211000,3.049217
11,83.65,2.308000,-1.981000,0.222000,3.049674
11,85.15,2.306000,-1.980000,0.226000,3.047804
11,86.64,2.302000,-1.971000,0.225000,3.038860
11,88.13,2.307000,-1.968000,0.223000,3.040559
11,89.63,2.312000,-1.973000,0.222000,3.047517
11,91.12,2.336000,-2.001000,0.242000,3.085362
11,92.61,2.554000,-1.976000,0.217000,3.236446
11,94.11,2.666000,-1.945000,0.144000,3.303228
11,95.60,2.675000,-1.919000,0.148000,3.295465
11,97.10,2.668000,-1.924000,0.141000,3.292397
11,98.59,2.659000,-1.921000,0.127000,3.282781
11,100.08,2.739000,-1.919000,0.123000,3.346612
11,101.58,3.121000,-1.857000,0.090000,3.632794
11,103.07,3.390000,-1.789000,0.029000,3.833205
11,104.56,3.534000,-1.746000,0.024000,3.941858
11,106.06,3.671000,-1.703000,-0.019000,4.046827
11,107.55,3.876000,-1.642000,-0.071000,4.210057
11,109.05,4.029000,-1.594000,-0.095000,4.333901
11,110.54,4.159000,-1.553000,-0.103000,4.440687
11,112.03,4.307000,-1.493000,-0.156000,4.561100
11,113.53,4.420000,-1.445000,-0.160000,4.652959
11,115.02,4.593000,-1.381000,-0.197000,4.800169
11,116.51,4.720000,-1.331000,-0.214000,4.908743
11,118.01,4.888000,-1.242000,-0.246000,5.049319
11,119.50,5.023000,-1.174000,-0.283000,5.166129
11,121.00,5.156000,-1.106000,-0.302000,5.281929
11,122.49,5.312000,-1.022000,-0.341000,5.420158
11,123.98,5.447000,-0.936000,-0.359000,5.538482
11,125.48,5.597000,-0.834000,-0.409000,5.673557
11,126.97,5.714000,-0.738000,-0.414000,5.776317
11,128.46,5.824000,-0.668000,-0.447000,5.879201
11,129.96,5.958000,-0.562000,-0.474000,6.003189
11,131.45,6.064000,-0.478000,-0.485000,6.102115
11,132.95,6.181000,-0.329000,-0.516000,6.211220
11,134.44,6.272000,-0.239000,-0.544000,6.300083
11,135.93,6.357000,-0.150000,-0.552000,6.382684
11,137.43,6.458000,-0.022000,-0.577000,6.483763
11,138.92,6.531000,0.082000,-0.591000,6.558198
11,140.41,6.590000,0.188000,-0.616000,6.621397
11,141.91,6.667000,0.326000,-0.640000,6.705577
11,143.40,6.723000,0.438000,-0.653000,6.768824
11,144.90,6.767000,0.541000,-0.664000,6.820987
11,146.39,6.801000,0.645000,-0.676000,6.864882
11,147.88,6.838000,0.786000,-0.702000,6.918731
11,149.38,6.864000,0.890000,-0.704000,6.957170
11,150.87,6.879000,1.001000,-0.713000,6.987919
11,152.37,6.894000,1.115000,-0.724000,7.021014
11,153.86,6.886000,1.223000,-0.724000,7.031138
11,155.35,6.876000,1.369000,-0.722000,7.048037
11,156.85,6.864000,1.470000,-0.724000,7.056881
11,158.34,6.840000,1.589000,-0.745000,7.061554
11,159.83,6.804000,1.704000,-0.731000,7.052120
11,161.33,6.772000,1.816000,-0.731000,7.049270
11,162.82,6.714000,1.953000,-0.730000,7.030285
11,164.32,6.662000,2.049000,-0.723000,7.007380
11,165.81,6.612000,2.163000,-0.710000,6.992940
11,167.30,6.532000,2.269000,-0.707000,6.950916
11,168.80,6.460000,2.373000,-0.701000,6.917668
11,170.29,6.357000,2.502000,-0.689000,6.866307
11,171.78,6.266000,2.592000,-0.679000,6.814856
11,173.28,6.170000,2.692000,-0.663000,6.764269
11,174.77,6.067000,2.783000,-0.648000,6.706227
11,176.27,5.953000,2.871000,-0.632000,6.639298
11,177.76,5.819000,2.982000,-0.627000,6.568578
11,179.25,5.693000,3.072000,-0.592000,6.495991
11,180.75,5.564000,3.150000,-0.583000,6.420318
11,182.24,5.436000,3.241000,-0.562000,6.353741
11,183.73,5.287000,3.305000,-0.539000,6.258268
11,185.23,5.105000,3.387000,-0.519000,6.148346
11,186.72,4.953000,3.465000,-0.500000,6.065347
11,188.22,4.792000,3.541000,-0.466000,5.976546
11,189.71,4.624000,3.601000,-0.452000,5.878170
11,191.20,4.459000,3.657000,-0.428000,5.782691
11,192.70,4.258000,3.725000,-0.399000,5.671454
11,194.19,4.076000,3.770000,-0.366000,5.564228
11,195.68,3.893000,3.829000,-0.337000,5.470855
11,197.18,3.714000,3.864000,-0.301000,5.367951
11,198.67,3.517000,3.912000,-0.285000,5.268231
11,200.17,3.279000,3.958000,-0.227000,5.144816
11,201.66,3.086000,3.994000,-0.203000,5.051400
11,203.15,2.895000,4.018000,-0.185000,4.955762
11,204.65,2.675000,4.040000,-0.151000,4.847683
11,206.14,2.486000,4.059000,-0.107000,4.761001
11,207.63,2.236000,4.093000,-0.059000,4.664314
11,209.13,2.027000,4.093000,-0.042000,4.567619
11,210.62,1.823000,4.109000,0.000000,4.495243
11,212.12,1.608000,4.101000,0.032000,4.405098
11,213.61,1.396000,4.109000,0.063000,4.340123
11,215.10,1.184000,4.099000,0.100000,4.267746
11,216.60,0.966000,4.097000,0.153000,4.212122
11,218.09,0.756000,4.087000,0.182000,4.160316
11,219.59,0.544000,4.075000,0.223000,4.117194
11,221.08,0.342000,4.059000,0.257000,4.081482
11,222.57,0.132000,4.035000,0.286000,4.047276
11,224.07,-0.089000,4.009000,0.328000,4.023380
11,225.56,-0.297000,3.986000,0.360000,4.013229
11,227.05,-0.512000,3.951000,0.394000,4.003471
11,228.55,-0.757000,3.907000,0.444000,4.004352
11,230.04,-0.962000,3.857000,0.480000,4.004035
11,231.54,-1.167000,3.820000,0.518000,4.027731
11,233.03,-1.373000,3.775000,0.544000,4.053602
11,234.52,-1.589000,3.724000,0.588000,4.091313
11,236.02,-1.817000,3.650000,0.629000,4.125485
11,237.51,-2.015000,3.590000,0.679000,4.172453
11,239.00,-2.197000,3.530000,0.718000,4.219388
11,240.50,-2.390000,3.456000,0.738000,4.266225
11,241.99,-2.583000,3.383000,0.771000,4.325624
11,243.49,-2.820000,3.289000,0.815000,4.408418
11,244.98,-2.995000,3.205000,0.851000,4.468361
11,246.47,-3.186000,3.121000,0.873000,4.544597
11,247.97,-3.362000,3.030000,0.913000,4.617089
11,249.46,-3.528000,2.931000,0.948000,4.683615
11,250.95,-3.719000,2.819000,0.991000,4.770724
11,252.45,-3.866000,2.735000,1.018000,4.843811
11,253.94,-3.993000,2.635000,1.043000,4.896440
11,255.44,-4.113000,2.552000,1.060000,4.955106
11,256.93,-4.208000,2.464000,1.097000,4.998197
11,258.42,-4.342000,2.357000,1.120000,5.065848
11,259.92,-4.442000,2.269000,1.136000,5.115684
11,261.41,-4.525000,2.175000,1.153000,5.151277
11,262.90,-4.620000,2.090000,1.169000,5.203755
11,264.40,-4.707000,1.997000,1.196000,5.251121
11,265.89,-4.796000,1.883000,1.218000,5.294415
11,267.39,-4.867000,1.778000,1.225000,5.324434
11,268.88,-4.924000,1.688000,1.249000,5.353048
11,270.37,-4.984000,1.594000,1.261000,5.382491
11,271.87,-5.027000,1.491000,1.286000,5.398852
11,273.36,-5.100000,1.384000,1.290000,5.439628
11,274.85,-5.133000,1.286000,1.296000,5.448036
11,276.35,-5.167000,1.189000,1.317000,5.463158
11,277.84,-5.197000,1.096000,1.316000,5.471917
11,279.34,-5.222000,0.996000,1.329000,5.479739
11,280.83,-5.233000,0.882000,1.345000,5.474599
11,282.32,-5.247000,0.786000,1.360000,5.477080
11,283.82,-5.247000,0.688000,1.350000,5.461397
11,285.31,-5.246000,0.598000,1.351000,5.450075
11,286.80,-5.246000,0.509000,1.350000,5.440781
11,288.30,-5.225000,0.398000,1.352000,5.411740
11,289.79,-5.203000,0.299000,1.352000,5.384098
11,291.29,-5.177000,0.202000,1.361000,5.356720
11,292.78,-5.156000,0.116000,1.352000,5.331575
11,294.27,-5.115000,0.029000,1.346000,5.289214
11,295.77,-5.062000,-0.078000,1.355000,5.240797
11,297.26,-5.015000,-0.167000,1.357000,5.198035
11,298.76,-4.953000,-0.257000,1.348000,5.139588
11,300.25,-4.881000,-0.361000,1.337000,5.073662
11,301.74,-4.813000,-0.440000,1.324000,5.011142
11,303.24,-4.724000,-0.561000,1.327000,4.938808
11,304.73,-4.639000,-0.639000,1.307000,4.861779
11,306.22,-4.541000,-0.740000,1.302000,4.781578
11,307.72,-4.438000,-0.814000,1.296000,4.694471
11,309.21,-4.349000,-0.888000,1.286000,4.621270
11,310.71,-4.227000,-0.976000,1.257000,4.516653
11,312.20,-4.116000,-1.051000,1.248000,4.427591
11,313.69,-3.981000,-1.134000,1.227000,4.317389
11,315.19,-3.875000,-1.198000,1.216000,4.234322
11,316.68,-3.757000,-1.261000,1.202000,4.141253
11,318.17,-3.605000,-1.340000,1.183000,4.023818
11,319.67,-3.480000,-1.404000,1.152000,3.925394
11,321.16,-3.314000,-1.474000,1.138000,3.801357
11,322.66,-3.169000,-1.517000,1.126000,3.689407
11,324.15,-3.000000,-1.593000,1.089000,3.567011
11,325.64,-2.852000,-1.639000,1.077000,3.461236
11,327.14,-2.723000,-1.682000,1.052000,3.369059
11,328.63,-2.526000,-1.741000,1.022000,3.233611
11,330.12,-2.378000,-1.785000,1.002000,3.137692
11,331.62,-2.183000,-1.832000,0.957000,3.006254
11,333.11,-2.025000,-1.861000,0.951000,2.910042
11,334.61,-1.863000,-1.904000,0.925000,2.819860
11,336.10,-1.668000,-1.946000,0.897000,2.715465
11,337.59,-1.502000,-1.985000,0.873000,2.637870
11,339.09,-1.307000,-2.038000,0.827000,2.558441
11,340.58,-1.127000,-2.075000,0.787000,2.489000
11,342.07,-0.950000,-2.102000,0.758000,2.428058
11,343.57,-0.725000,-2.132000,0.708000,2.360575
11,345.06,-0.557000,-2.141000,0.698000,2.319770
11,346.56,-0.335000,-2.159000,0.653000,2.280332
11,348.05,-0.164000,-2.171000,0.625000,2.265119
11,349.54,0.064000,-2.183000,0.578000,2.259130
11,351.04,0.258000,-2.185000,0.547000,2.267156
11,352.53,0.449000,-2.182000,0.523000,2.288286
11,354.02,0.633000,-2.178000,0.485000,2.319396
11,355.52,0.823000,-2.173000,0.452000,2.367184
11,357.01,1.046000,-2.152000,0.425000,2.430194
11,358.51,1.251000,-2.146000,0.379000,2.512759
12,0.00,1.434000,-2.122000,0.349000,2.584771
12,1.50,1.622000,-2.110000,0.308000,2.679151
12,3.00,1.826000,-2.080000,0.278000,2.781719
12,4.50,2.033000,-2.049000,0.244000,2.896727
12,6.00,2.246000,-2.043000,0.229000,3.044800
12,7.50,2.259000,-2.012000,0.224000,3.033381
12,9.00,2.210000,-2.007000,0.235000,2.994557
12,10.50,2.225000,-2.003000,0.229000,3.002511
12,12.00,2.206000,-2.009000,0.237000,2.993106
12,13.50,2.212000,-2.014000,0.237000,3.000885
12,15.00,2.207000,-2.021000,0.227000,3.001136
12,16.50,2.207000,-2.008000,0.220000,2.991874
12,18.00,2.206000,-2.017000,0.232000,2.998091
12,19.50,2.205000,-2.021000,0.234000,3.000204
12,21.00,2.212000,-2.021000,0.235000,3.005430
12,22.50,2.201000,-2.031000,0.232000,3.003862
12,24.00,2.209000,-2.021000,0.231000,3.002912
12,25.50,2.205000,-2.023000,0.227000,3.001014
12,27.00,2.207000,-2.024000,0.237000,3.003930
12,28.50,2.207000,-2.028000,0.238000,3.006705
12,30.00,2.214000,-2.030000,0.238000,3.013194
12,31.50,2.215000,-2.028000,0.233000,3.012192
12,33.00,2.216000,-2.024000,0.230000,3.010005
12,34.50,2.211000,-2.026000,0.241000,3.008534
12,36.00,2.205000,-2.032000,0.240000,3.008097
12,37.50,2.198000,-2.033000,0.248000,3.004296
12,39.00,2.208000,-2.030000,0.244000,3.009269
12,40.50,2.198000,-2.033000,0.229000,3.002788
12,42.00,2.205000,-2.032000,0.250000,3.008912
12,43.50,2.207000,-2.020000,0.249000,3.002208
12,45.00,2.196000,-2.038000,0.246000,3.006057
12,46.50,2.200000,-2.032000,0.250000,3.005249
12,48.00,2.204000,-2.034000,0.252000,3.009697
12,49.50,2.204000,-2.044000,0.257000,3.016886
12,51.00,2.203000,-2.035000,0.232000,3.008032
12,52.50,2.196000,-2.042000,0.253000,3.009350
12,54.00,2.203000,-2.039000,0.256000,3.012684
12,55.50,2.202000,-2.041000,0.237000,3.011753
12,57.00,2.196000,-2.044000,0.253000,3.010708
12,58.50,2.181000,-2.019000,0.249000,2.982469
12,60.00,2.147000,-1.992000,0.258000,2.940108
12,61.50,2.095000,-1.952000,0.275000,2.876622
12,63.00,2.090000,-1.928000,0.265000,2.855785
12,64.50,2.091000,-1.908000,0.262000,2.842778
12,66.00,2.086000,-1.906000,0.255000,2.837121
12,67.50,2.092000,-1.907000,0.258000,2.842477
12,69.00,2.092000,-1.900000,0.257000,2.837695
12,70.50,2.106000,-1.906000,0.250000,2.851416
12,72.00,2.102000,-1.906000,0.252000,2.848639
12,73.50,2.093000,-1.909000,0.258000,2.844555
12,75.00,2.104000,-1.904000,0.265000,2.849957
12,76.50,2.103000,-1.907000,0.253000,2.850135
12,78.00,2.101000,-1.906000,0.259000,2.848529
12,79.50,2.091000,-1.912000,0.248000,2.844210
12,81.00,2.098000,-1.915000,0.253000,2.851813
12,82.50,2.103000,-1.900000,0.254000,2.845545
12,84.00,2.077000,-1.915000,0.273000,2.838254
12,85.50,2.073000,-1.912000,0.263000,2.832356
12,87.00,2.089000,-1.915000,0.247000,2.844671
12,88.50,2.092000,-1.917000,0.264000,2.849745
12,90.00,2.073000,-1.874000,0.218000,2.802986
12,91.50,2.198000,-1.938000,0.244000,2.940507
12,93.00,2.435000,-1.886000,0.200000,3.086458
12,94.50,2.489000,-1.859000,0.164000,3.110932
12,96.00,2.466000,-1.856000,0.174000,3.091305
12,97.50,2.480000,-1.841000,0.163000,3.092935
12,99.00,2.592000,-1.847000,0.151000,3.186326
12,100.50,2.971000,-1.774000,0.107000,3.461989
12,102.00,3.184000,-1.715000,0.058000,3.616966
12,103.50,3.349000,-1.667000,0.046000,3.741231
12,105.00,3.493000,-1.627000,-0.002000,3.853334
12,106.50,3.697000,-1.573000,-0.044000,4.017969
12,108.00,3.850000,-1.512000,-0.075000,4.136940
12,109.50,3.995000,-1.463000,-0.083000,4.255265
12,111.00,4.160000,-1.394000,-0.129000,4.389246
12,112.50,4.278000,-1.356000,-0.147000,4.490170
12,114.00,4.448000,-1.274000,-0.172000,4.630050
12,115.50,4.562000,-1.216000,-0.212000,4.726039
12,117.00,4.683000,-1.157000,-0.228000,4.829195
12,118.50,4.832000,-1.069000,-0.251000,4.955198
12,120.00,4.938000,-1.016000,-0.274000,5.048879
12,121.50,5.098000,-0.916000,-0.309000,5.188848
12,123.00,5.215000,-0.844000,-0.319000,5.292478
12,124.50,5.327000,-0.759000,-0.349000,5.392106
12,126.00,5.453000,-0.661000,-0.387000,5.506532
12,127.50,5.556000,-0.592000,-0.396000,5.601466
12,129.00,5.674000,-0.495000,-0.423000,5.711237
12,130.50,5.776000,-0.393000,-0.448000,5.806662
12,132.00,5.886000,-0.274000,-0.470000,5.911089
12,133.50,5.973000,-0.192000,-0.496000,5.996633
12,135.00,6.045000,-0.094000,-0.505000,6.066785
12,136.50,6.140000,0.024000,-0.526000,6.162536
12,138.00,6.198000,0.125000,-0.541000,6.222822
12,139.50,6.258000,0.232000,-0.561000,6.287377
12,141.00,6.317000,0.325000,-0.587000,6.352534
12,142.50,6.386000,0.468000,-0.591000,6.430342
12,144.00,6.417000,0.570000,-0.601000,6.470239
12,145.50,6.441000,0.671000,-0.613000,6.504805
12,147.00,6.477000,0.775000,-0.620000,6.552599
12,148.50,6.495000,0.877000,-0.632000,6.584343
12,150.00,6.521000,1.022000,-0.640000,6.631555
12,151.50,6.511000,1.117000,-0.645000,6.637532
12,153.00,6.511000,1.224000,-0.655000,6.657351
12,154.50,6.502000,1.326000,-0.655000,6.668081
12,156.00,6.486000,1.422000,-0.668000,6.673568
12,157.50,6.459000,1.557000,-0.668000,6.677511
12,159.00,6.424000,1.665000,-0.646000,6.667632
12,160.50,6.388000,1.765000,-0.646000,6.658760
12,162.00,6.344000,1.863000,-0.651000,6.643862
12,163.50,6.290000,1.967000,-0.656000,6.622954
12,165.00,6.215000,2.100000,-0.634000,6.590765
12,166.50,6.149000,2.196000,-0.632000,6.559881
12,168.00,6.078000,2.287000,-0.623000,6.523847
12,169.50,6.001000,2.377000,-0.622000,6.484521
12,171.00,5.919000,2.472000,-0.606000,6.443026
12,172.50,5.800000,2.575000,-0.593000,6.373561
12,174.00,5.695000,2.668000,-0.586000,6.316221
12,175.50,5.597000,2.746000,-0.569000,6.260246
12,177.00,5.486000,2.835000,-0.550000,6.199671
12,178.50,5.374000,2.921000,-0.532000,6.139637
12,180.00,5.213000,3.012000,-0.509000,6.042069
12,181.50,5.088000,3.085000,-0.494000,5.970679
12,183.00,4.962000,3.147000,-0.468000,5.894411
12,184.50,4.824000,3.213000,-0.454000,5.813816
12,186.00,4.684000,3.276000,-0.429000,5.732022
12,187.50,4.490000,3.360000,-0.405000,5.622608
12,189.00,4.334000,3.417000,-0.383000,5.532281
12,190.50,4.181000,3.475000,-0.355000,5.448157
12,192.00,4.025000,3.523000,-0.333000,5.359388
12,193.50,3.854000,3.570000,-0.306000,5.262305
12,195.00,3.639000,3.628000,-0.271000,5.145692
12,196.50,3.464000,3.681000,-0.246000,5.060590
12,198.00,3.279000,3.708000,-0.221000,4.954790
12,199.50,3.113000,3.741000,-0.202000,4.871001
12,201.00,2.923000,3.775000,-0.168000,4.777319
12,202.50,2.686000,3.805000,-0.134000,4.659461
12,204.00,2.493000,3.831000,-0.101000,4.571850
12,205.50,2.313000,3.848000,-0.072000,4.490240
12,207.00,2.114000,3.862000,-0.036000,4.402878
12,208.50,1.924000,3.872000,-0.008000,4.323682
12,210.00,1.681000,3.891000,0.043000,4.238808
12,211.50,1.472000,3.888000,0.055000,4.157686
12,213.00,1.269000,3.886000,0.092000,4.088988
12,214.50,1.068000,3.886000,0.133000,4.032283
12,216.00,0.868000,3.869000,0.173000,3.968944
12,217.50,0.677000,3.872000,0.197000,3.935673
12,219.00,0.467000,3.852000,0.231000,3.887075
12,220.50,0.275000,3.835000,0.269000,3.854246
12,222.00,0.070000,3.814000,0.306000,3.826896
12,223.50,-0.125000,3.790000,0.342000,3.807452
12,225.00,-0.323000,3.757000,0.362000,3.788195
12,226.50,-0.512000,3.734000,0.393000,3.789373
12,228.00,-0.709000,3.702000,0.439000,3.794760
12,229.50,-0.888000,3.665000,0.479000,3.801343
12,231.00,-1.122000,3.607000,0.506000,3.811216
12,232.50,-1.312000,3.568000,0.543000,3.840158
12,234.00,-1.504000,3.509000,0.558000,3.858298
12,235.50,-1.683000,3.459000,0.598000,3.892913
12,237.00,-1.859000,3.411000,0.645000,3.937871
12,238.50,-2.086000,3.335000,0.675000,3.991146
12,240.00,-2.264000,3.273000,0.705000,4.041689
12,241.50,-2.454000,3.205000,0.733000,4.102613
12,243.00,-2.604000,3.135000,0.764000,4.146413
12,244.50,-2.782000,3.062000,0.803000,4.214283
12,246.00,-2.999000,2.969000,0.832000,4.301301
12,247.50,-3.169000,2.874000,0.872000,4.366099
12,249.00,-3.307000,2.787000,0.904000,4.418239
12,250.50,-3.446000,2.715000,0.929000,4.484326
12,252.00,-3.584000,2.625000,0.947000,4.542300
12,253.50,-3.747000,2.519000,0.977000,4.619513
12,255.00,-3.856000,2.433000,0.995000,4.666717
12,256.50,-3.961000,2.358000,1.023000,4.721887
12,258.00,-4.057000,2.276000,1.046000,4.767970
12,259.50,-4.154000,2.192000,1.061000,4.815216
12,261.00,-4.264000,2.086000,1.085000,4.869324
12,262.50,-4.353000,1.997000,1.115000,4.917300
12,264.00,-4.428000,1.906000,1.121000,4.949410
12,265.50,-4.498000,1.813000,1.128000,4.979092
12,267.00,-4.596000,1.704000,1.166000,5.038491
12,268.50,-4.654000,1.616000,1.180000,5.065923
12,270.00,-4.707000,1.524000,1.198000,5.090543
12,271.50,-4.763000,1.435000,1.197000,5.116464
12,273.00,-4.802000,1.336000,1.210000,5.129152
12,274.50,-4.854000,1.226000,1.219000,5.152703
12,276.00,-4.887000,1.136000,1.242000,5.168736
12,277.50,-4.915000,1.046000,1.251000,5.178450
12,279.00,-4.938000,0.951000,1.251000,5.182012
12,280.50,-4.946000,0.852000,1.260000,5.174594
12,282.00,-4.960000,0.734000,1.274000,5.173339
12,283.50,-4.963000,0.641000,1.279000,5.165084
12,285.00,-4.966000,0.554000,1.288000,5.160137
12,286.50,-4.961000,0.463000,1.279000,5.144097
12,288.00,-4.936000,0.389000,1.279000,5.113830
12,289.50,-4.914000,0.250000,1.292000,5.087156
12,291.00,-4.885000,0.167000,1.283000,5.053435
12,292.50,-4.867000,0.091000,1.276000,5.032310
12,294.00,-4.822000,0.005000,1.282000,4.989512
12,295.50,-4.787000,-0.069000,1.275000,4.954367
12,297.00,-4.726000,-0.188000,1.273000,4.898056
12,298.50,-4.666000,-0.270000,1.263000,4.841449
12,300.00,-4.593000,-0.379000,1.250000,4.775122
12,301.50,-4.533000,-0.445000,1.248000,4.722671
12,303.00,-4.462000,-0.535000,1.251000,4.664833
12,304.50,-4.360000,-0.639000,1.235000,4.576368
12,306.00,-4.288000,-0.713000,1.227000,4.516729
12,307.50,-4.187000,-0.794000,1.208000,4.429522
12,309.00,-4.085000,-0.864000,1.193000,4.342461
12,310.50,-3.994000,-0.929000,1.191000,4.270077
12,312.00,-3.875000,-1.013000,1.175000,4.174017
12,313.50,-3.783000,-1.074000,1.161000,4.100303
12,315.00,-3.647000,-1.152000,1.141000,3.991190
12,316.50,-3.541000,-1.216000,1.123000,3.908768
12,318.00,-3.394000,-1.289000,1.107000,3.795551
12,319.50,-3.276000,-1.341000,1.088000,3.703269
12,321.00,-3.157000,-1.398000,1.074000,3.615872
12,322.50,-2.991000,-1.458000,1.050000,3.489175
12,324.00,-2.861000,-1.517000,1.034000,3.399377
12,325.50,-2.707000,-1.574000,0.997000,3.286234
12,327.00,-2.556000,-1.611000,0.974000,3.174450
12,328.50,-2.414000,-1.654000,0.961000,3.080038
12,330.00,-2.237000,-1.704000,0.932000,2.962500
12,331.50,-2.096000,-1.735000,0.919000,2.871933
12,333.00,-1.903000,-1.785000,0.886000,2.755473
12,334.50,-1.744000,-1.823000,0.855000,2.663811
12,336.00,-1.591000,-1.845000,0.837000,2.576019
12,337.50,-1.400000,-1.882000,0.809000,2.481210
12,339.00,-1.227000,-1.913000,0.769000,2.399262
12,340.50,-1.023000,-1.932000,0.742000,2.308618
12,342.00,-0.862000,-1.953000,0.718000,2.252283
12,343.50,-0.638000,-1.968000,0.680000,2.177721
12,345.00,-0.481000,-1.983000,0.645000,2.140018
12,346.50,-0.313000,-1.992000,0.630000,2.112566
12,348.00,-0.094000,-2.008000,0.579000,2.091923
12,349.50,0.087000,-2.003000,0.565000,2.082979
12,351.00,0.273000,-2.010000,0.519000,2.093798
12,352.50,0.496000,-2.013000,0.490000,2.130325
12,354.00,0.667000,-2.014000,0.465000,2.171937
12,355.50,0.845000,-2.000000,0.430000,2.213352
12,357.00,1.018000,-1.993000,0.417000,2.276458
12,358.50,1.204000,-1.984000,0.370000,2.350058
13,0.00,1.422000,-1.961000,0.336000,2.445506
13,1.49,1.600000,-1.950000,0.312000,2.541622
13,2.99,1.771000,-1.932000,0.279000,2.635698
13,4.48,1.942000,-1.916000,0.245000,2.739059
13,5.98,2.125000,-1.882000,0.229000,2.847804
13,7.47,2.235000,-1.871000,0.227000,2.923593
13,8.96,2.187000,-1.854000,0.231000,2.876395
13,10.46,2.177000,-1.859000,0.224000,2.871478
13,11.95,2.178000,-1.853000,0.225000,2.868435
13,13.44,2.188000,-1.858000,0.229000,2.879574
13,14.94,2.175000,-1.865000,0.228000,2.874167
13,16.43,2.184000,-1.857000,0.226000,2.875653
13,17.93,2.183000,-1.854000,0.222000,2.872645
13,19.42,2.182000,-1.853000,0.230000,2.871869
13,20.91,2.186000,-1.856000,0.218000,2.875910
13,22.41,2.187000,-1.856000,0.227000,2.877366
13,23.90,2.192000,-1.854000,0.219000,2.879260
13,25.39,2.186000,-1.855000,0.224000,2.875725
13,26.89,2.186000,-1.857000,0.234000,2.877812
13,28.38,2.190000,-1.861000,0.231000,2.883190
13,29.88,2.199000,-1.860000,0.225000,2.888914
13,31.37,2.194000,-1.857000,0.229000,2.883492
13,32.86,2.193000,-1.856000,0.232000,2.882327
13,34.36,2.192000,-1.852000,0.227000,2.878593
13,35.85,2.190000,-1.864000,0.228000,2.884888
13,37.34,2.191000,-1.853000,0.235000,2.879117
13,38.84,2.188000,-1.858000,0.237000,2.880222
13,40.33,2.184000,-1.855000,0.227000,2.874441
13,41.83,2.188000,-1.850000,0.235000,2.874903
13,43.32,2.188000,-1.857000,0.228000,2.878850
13,44.81,2.187000,-1.853000,0.228000,2.875511
13,46.31,2.186000,-1.860000,0.231000,2.879506
13,47.80,2.191000,-1.856000,0.227000,2.880407
13,49.29,2.191000,-1.855000,0.238000,2.880651
13,50.79,2.185000,-1.865000,0.225000,2.881506
13,52.28,2.188000,-1.854000,0.220000,2.876293
13,53.78,2.189000,-1.857000,0.240000,2.880585
13,55.27,2.180000,-1.860000,0.220000,2.874091
13,56.76,2.194000,-1.854000,0.235000,2.882044
13,58.26,2.180000,-1.850000,0.242000,2.869401
13,59.75,2.151000,-1.818000,0.247000,2.827178
13,61.24,2.126000,-1.789000,0.246000,2.789429
13,62.74,2.095000,-1.759000,0.248000,2.746745
13,64.23,2.068000,-1.733000,0.252000,2.709874
13,65.73,2.063000,-1.725000,0.265000,2.702188
13,67.22,2.072000,-1.728000,0.258000,2.710301
13,68.71,2.064000,-1.725000,0.266000,2.703050
13,70.21,2.071000,-1.726000,0.256000,2.708072
13,71.70,2.067000,-1.731000,0.264000,2.708975
13,73.20,2.075000,-1.723000,0.257000,2.709318
13,74.69,2.076000,-1.721000,0.269000,2.709977
13,76.18,2.062000,-1.731000,0.262000,2.704967
13,77.68,2.058000,-1.731000,0.272000,2.702908
13,79.17,2.051000,-1.731000,0.256000,2.696015
13,80.66,2.038000,-1.734000,0.261000,2.688554
13,82.16,2.019000,-1.741000,0.254000,2.678051
13,83.65,1.988000,-1.740000,0.222000,2.651231
13,85.15,1.976000,-1.743000,0.222000,2.644222
13,86.64,1.968000,-1.744000,0.217000,2.638494
13,88.13,1.967000,-1.750000,0.206000,2.640838
13,89.63,1.970000,-1.751000,0.196000,2.642975
13,91.12,1.995000,-1.761000,0.215000,2.669714
13,92.61,2.171000,-1.749000,0.193000,2.794547
13,94.11,2.276000,-1.728000,0.143000,2.861225
13,95.60,2.327000,-1.701000,0.118000,2.884832
13,97.10,2.319000,-1.690000,0.122000,2.872063
13,98.59,2.337000,-1.687000,0.100000,2.884014
13,100.08,2.496000,-1.677000,0.097000,3.008613
13,101.58,2.803000,-1.623000,0.071000,3.239750
13,103.07,3.071000,-1.542000,0.018000,3.436441
13,104.56,3.199000,-1.510000,-0.009000,3.537482
13,106.06,3.356000,-1.460000,-0.042000,3.660068
13,107.55,3.535000,-1.402000,-0.072000,3.803553
13,109.05,3.666000,-1.356000,-0.095000,3.909900
13,110.54,3.794000,-1.302000,-0.120000,4.012984
13,112.03,3.936000,-1.245000,-0.143000,4.130686
13,113.53,4.031000,-1.205000,-0.158000,4.210220
13,115.02,4.194000,-1.136000,-0.165000,4.348259
13,116.51,4.307000,-1.091000,-0.197000,4.447397
13,118.01,4.475000,-1.004000,-0.224000,4.591712
13,119.50,4.592000,-0.945000,-0.248000,4.694784
13,121.00,4.694000,-0.891000,-0.265000,4.785159
13,122.49,4.839000,-0.798000,-0.291000,4.912983
13,123.98,4.949000,-0.730000,-0.311000,5.012207
13,125.48,5.089000,-0.632000,-0.334000,5.138959
13,126.97,5.189000,-0.567000,-0.368000,5.232842
13,128.46,5.282000,-0.487000,-0.374000,5.317572
13,129.96,5.390000,-0.402000,-0.411000,5.420574
13,131.45,5.487000,-0.291000,-0.428000,5.511355
13,132.95,5.581000,-0.189000,-0.443000,5.601744
13,134.44,5.669000,-0.097000,-0.471000,5.689359
13,135.93,5.740000,-0.014000,-0.480000,5.760052
13,137.43,5.835000,0.102000,-0.497000,5.857016
13,138.92,5.893000,0.203000,-0.518000,5.919205
13,140.41,5.958000,0.289000,-0.531000,5.988593
13,141.91,6.023000,0.391000,-0.553000,6.060959
13,143.40,6.085000,0.527000,-0.559000,6.133305
13,144.90,6.125000,0.623000,-0.558000,6.181838
13,146.39,6.160000,0.717000,-0.571000,6.227819
13,147.88,6.194000,0.815000,-0.587000,6.274905
13,149.38,6.220000,0.936000,-0.578000,6.316532
13,150.87,6.235000,1.047000,-0.578000,6.348663
13,152.37,6.239000,1.145000,-0.579000,6.369567
13,153.86,6.242000,1.239000,-0.591000,6.391163
13,155.35,6.233000,1.349000,-0.599000,6.405380
13,156.85,6.207000,1.471000,-0.596000,6.406708
13,158.34,6.176000,1.577000,-0.599000,6.402242
13,159.83,6.147000,1.680000,-0.604000,6.401002
13,161.33,6.102000,1.771000,-0.590000,6.381140
13,162.82,6.062000,1.870000,-0.588000,6.371066
13,164.32,5.994000,1.992000,-0.582000,6.343093
13,165.81,5.921000,2.091000,-0.586000,6.306657
13,167.30,5.846000,2.191000,-0.577000,6.269699
13,168.80,5.781000,2.279000,-0.569000,6.239997
13,170.29,5.701000,2.360000,-0.560000,6.195531
13,171.78,5.597000,2.468000,-0.552000,6.141835
13,173.28,5.508000,2.552000,-0.549000,6.095258
13,174.77,5.414000,2.638000,-0.538000,6.046477
13,176.27,5.302000,2.711000,-0.510000,5.976690
13,177.76,5.198000,2.785000,-0.514000,5.919428
13,179.25,5.046000,2.888000,-0.487000,5.834366
13,180.75,4.920000,2.960000,-0.470000,5.760981
13,182.24,4.797000,3.025000,-0.453000,5.689204
13,183.73,4.677000,3.095000,-0.444000,5.625877
13,185.23,4.538000,3.158000,-0.418000,5.544469
13,186.72,4.360000,3.242000,-0.391000,5.447297
13,188.22,4.209000,3.291000,-0.367000,5.355469
13,189.71,4.061000,3.352000,-0.342000,5.276797
13,191.20,3.914000,3.391000,-0.306000,5.187669
13,192.70,3.758000,3.446000,-0.274000,5.106129
13,194.19,3.542000,3.504000,-0.243000,4.988269
13,195.68,3.364000,3.542000,-0.213000,4.889543
13,197.18,3.190000,3.574000,-0.187000,4.794220
13,198.67,3.019000,3.602000,-0.167000,4.702835
13,200.17,2.841000,3.635000,-0.136000,4.615518
13,201.66,2.610000,3.666000,-0.099000,4.501273
13,203.15,2.448000,3.684000,-0.056000,4.423539
13,204.65,2.263000,3.706000,-0.041000,4.342498
13,206.14,2.087000,3.728000,-0.016000,4.272448
13,207.63,1.901000,3.732000,0.012000,4.188290
13,209.13,1.726000,3.749000,0.046000,4.127492
13,210.62,1.536000,3.751000,0.072000,4.053946
13,212.12,1.353000,3.757000,0.088000,3.994171
13,213.61,1.162000,3.756000,0.125000,3.933625
13,215.10,0.969000,3.756000,0.161000,3.882321
13,216.60,0.787000,3.742000,0.188000,3.828482
13,218.09,0.600000,3.726000,0.216000,3.780176
13,219.59,0.425000,3.715000,0.246000,3.747315
13,221.08,0.238000,3.697000,0.283000,3.715446
13,222.57,0.058000,3.676000,0.305000,3.689087
13,224.07,-0.124000,3.659000,0.351000,3.677888
13,225.56,-0.351000,3.624000,0.373000,3.660014
13,227.05,-0.518000,3.593000,0.405000,3.652670
13,228.55,-0.695000,3.561000,0.440000,3.654770
13,230.04,-0.871000,3.524000,0.467000,3.659960
13,231.54,-1.045000,3.487000,0.496000,3.673855
13,233.03,-1.258000,3.437000,0.536000,3.699031
13,234.52,-1.438000,3.390000,0.567000,3.725780
13,236.02,-1.606000,3.345000,0.593000,3.757647
13,237.51,-1.776000,3.286000,0.628000,3.787658
13,239.00,-1.925000,3.237000,0.658000,3.823187
13,240.50,-2.142000,3.167000,0.679000,3.883181
13,241.99,-2.310000,3.097000,0.723000,3.930679
13,243.49,-2.448000,3.041000,0.746000,3.974532
13,244.98,-2.578000,2.979000,0.761000,4.012436
13,246.47,-2.752000,2.910000,0.784000,4.081208
13,247.97,-2.931000,2.810000,0.830000,4.144365
13,249.46,-3.076000,2.732000,0.853000,4.201572
13,250.95,-3.229000,2.654000,0.876000,4.270542
13,252.45,-3.363000,2.575000,0.903000,4.330797
13,253.94,-3.494000,2.478000,0.913000,4.379736
13,255.44,-3.618000,2.381000,0.955000,4.435213
13,256.93,-3.716000,2.304000,0.967000,4.477964
13,258.42,-3.826000,2.219000,0.996000,4.533680
13,259.92,-3.918000,2.144000,1.003000,4.577496
13,261.41,-4.003000,2.067000,1.028000,4.620961
13,262.90,-4.102000,1.951000,1.049000,4.661889
13,264.40,-4.182000,1.869000,1.068000,4.703500
13,265.89,-4.251000,1.787000,1.081000,4.736342
13,267.39,-4.316000,1.698000,1.090000,4.764364
13,268.88,-4.381000,1.619000,1.109000,4.800438
13,270.37,-4.449000,1.519000,1.118000,4.832275
13,271.87,-4.500000,1.427000,1.127000,4.853500
13,273.36,-4.543000,1.347000,1.137000,4.872990
13,274.85,-4.583000,1.257000,1.147000,4.888716
13,276.35,-4.615000,1.170000,1.163000,4.900989
13,277.84,-4.647000,1.057000,1.166000,4.906263
13,279.34,-4.662000,0.977000,1.176000,4.906297
13,280.83,-4.672000,0.885000,1.175000,4.898105
13,282.32,-4.680000,0.798000,1.199000,4.896612
13,283.82,-4.681000,0.706000,1.197000,4.882930
13,285.31,-4.674000,0.606000,1.195000,4.862256
13,286.80,-4.664000,0.516000,1.200000,4.843465
13,288.30,-4.643000,0.447000,1.206000,4.817852
13,289.79,-4.626000,0.355000,1.214000,4.795800
13,291.29,-4.590000,0.259000,1.203000,4.752093
13,292.78,-4.567000,0.166000,1.208000,4.726977
13,294.27,-4.525000,0.087000,1.198000,4.681709
13,295.77,-4.488000,0.015000,1.206000,4.647236
13,297.26,-4.437000,-0.071000,1.184000,4.592806
13,298.76,-4.371000,-0.185000,1.192000,4.534394
13,300.25,-4.317000,-0.241000,1.193000,4.485289
13,301.74,-4.257000,-0.308000,1.182000,4.428774
13,303.24,-4.185000,-0.407000,1.159000,4.361554
13,304.73,-4.114000,-0.480000,1.141000,4.296193
13,306.22,-4.040000,-0.578000,1.140000,4.237368
13,307.72,-3.957000,-0.642000,1.114000,4.160650
13,309.21,-3.857000,-0.723000,1.113000,4.078964
13,310.71,-3.768000,-0.791000,1.094000,4.002542
13,312.20,-3.678000,-0.858000,1.087000,3.930066
13,313.69,-3.558000,-0.928000,1.074000,3.830669
13,315.19,-3.459000,-0.982000,1.066000,3.750381
13,316.68,-3.333000,-1.056000,1.039000,3.647403
13,318.17,-3.220000,-1.115000,1.025000,3.558406
13,319.67,-3.105000,-1.166000,1.007000,3.466213
13,321.16,-2.955000,-1.229000,0.985000,3.348536
13,322.66,-2.817000,-1.279000,0.989000,3.247992
13,324.15,-2.618000,-1.376000,0.952000,3.107025
13,325.64,-2.487000,-1.415000,0.953000,3.015892
13,327.14,-2.341000,-1.459000,0.911000,2.904976
13,328.63,-2.175000,-1.513000,0.883000,2.792755
13,330.12,-2.022000,-1.552000,0.862000,2.690768
13,331.62,-1.842000,-1.598000,0.839000,2.578854
13,333.11,-1.680000,-1.634000,0.816000,2.481575
13,334.61,-1.496000,-1.666000,0.795000,2.376047
13,336.10,-1.360000,-1.700000,0.750000,2.302629
13,337.59,-1.196000,-1.717000,0.737000,2.218485
13,339.09,-0.995000,-1.746000,0.710000,2.131347
13,340.58,-0.832000,-1.769000,0.682000,2.070437
13,342.07,-0.617000,-1.794000,0.646000,2.004106
13,343.57,-0.456000,-1.801000,0.615000,1.956978
13,345.06,-0.298000,-1.819000,0.596000,1.937210
13,346.56,-0.094000,-1.828000,0.575000,1.918605
13,348.05,0.054000,-1.829000,0.539000,1.907532
13,349.54,0.247000,-1.840000,0.502000,1.923178
13,351.04,0.427000,-1.838000,0.496000,1.951048
13,352.53,0.591000,-1.840000,0.444000,1.982931
13,354.02,0.764000,-1.829000,0.458000,2.034380
13,355.52,0.876000,-1.838000,0.394000,2.073851
13,357.01,1.101000,-1.817000,0.404000,2.162616
13,358.51,1.317000,-1.806000,0.342000,2.261214
14,0.00,1.487000,-1.791000,0.336000,2.351966
14,1.49,1.648000,-1.772000,0.302000,2.438666
14,2.99,1.789000,-1.756000,0.271000,2.521408
14,4.48,1.965000,-1.732000,0.249000,2.631169
14,5.98,2.181000,-1.722000,0.244000,2.789549
14,7.47,2.180000,-1.708000,0.228000,2.778785
14,8.96,2.170000,-1.708000,0.236000,2.771617
14,10.46,2.137000,-1.706000,0.233000,2.744357
14,11.95,2.170000,-1.717000,0.240000,2.777515
14,13.44,2.171000,-1.697000,0.216000,2.764002
14,14.94,2.168000,-1.711000,0.242000,2.772419
14,16.43,2.175000,-1.702000,0.241000,2.772275
14,17.93,2.147000,-1.707000,0.220000,2.751701
14,19.42,2.145000,-1.711000,0.255000,2.755643
14,20.91,2.135000,-1.713000,0.213000,2.745535
14,22.41,2.138000,-1.714000,0.258000,2.752345
14,23.90,2.155000,-1.708000,0.213000,2.758017
14,25.39,2.148000,-1.716000,0.245000,2.760178
14,26.89,2.174000,-1.706000,0.218000,2.772045
14,28.38,2.154000,-1.707000,0.233000,2.758234
14,29.88,2.163000,-1.708000,0.244000,2.766834
14,31.37,2.156000,-1.698000,0.218000,2.753010
14,32.86,2.157000,-1.709000,0.246000,2.762942
14,34.36,2.156000,-1.709000,0.238000,2.761460
14,35.85,2.143000,-1.714000,0.235000,2.754173
14,37.34,2.154000,-1.709000,0.260000,2.761883
14,38.84,2.144000,-1.711000,0.217000,2.751608
14,40.33,2.145000,-1.715000,0.249000,2.757581
14,41.83,2.162000,-1.701000,0.225000,2.760121
14,43.32,2.156000,-1.703000,0.240000,2.757924
14,44.81,2.160000,-1.704000,0.222000,2.760163
14,46.31,2.159000,-1.707000,0.238000,2.762567
14,47.80,2.159000,-1.707000,0.231000,2.761972
14,49.29,2.159000,-1.708000,0.223000,2.761933
14,50.79,2.156000,-1.706000,0.243000,2.760040
14,52.28,2.157000,-1.708000,0.229000,2.760861
14,53.78,2.160000,-1.709000,0.245000,2.765195
14,55.27,2.150000,-1.708000,0.233000,2.755731
14,56.76,2.162000,-1.708000,0.221000,2.764118
14,58.26,2.163000,-1.705000,0.227000,2.763535
14,59.75,2.118000,-1.680000,0.249000,2.714834
14,61.24,2.094000,-1.645000,0.238000,2.673482
14,62.74,2.070000,-1.617000,0.258000,2.639347
14,64.23,2.054000,-1.581000,0.254000,2.604418
14,65.73,2.033000,-1.572000,0.257000,2.582697
14,67.22,2.038000,-1.573000,0.253000,2.586848
14,68.71,2.034000,-1.570000,0.247000,2.581291
14,70.21,2.036000,-1.577000,0.245000,2.586938
14,71.70,2.030000,-1.573000,0.250000,2.580258
14,73.20,2.034000,-1.577000,0.249000,2.585747
14,74.69,2.036000,-1.574000,0.243000,2.584922
14,76.18,2.035000,-1.575000,0.253000,2.585703
14,77.68,2.043000,-1.567000,0.244000,2.586286
14,79.17,2.040000,-1.574000,0.248000,2.588548
14,80.66,2.036000,-1.576000,0.252000,2.587001
14,82.16,2.037000,-1.577000,0.254000,2.588593
14,83.65,2.036000,-1.576000,0.255000,2.587295
14,85.15,2.035000,-1.577000,0.253000,2.586922
14,86.64,2.043000,-1.577000,0.248000,2.592736
14,88.13,2.039000,-1.575000,0.247000,2.588273
14,89.63,2.036000,-1.574000,0.252000,2.585783
14,91.12,2.017000,-1.542000,0.203000,2.547010
14,92.61,2.208000,-1.554000,0.221000,2.709063
14,94.11,2.339000,-1.533000,0.181000,2.802458
14,95.60,2.322000,-1.519000,0.165000,2.779617
14,97.10,2.318000,-1.515000,0.168000,2.774270
14,98.59,2.342000,-1.507000,0.156000,2.789328
14,100.08,2.529000,-1.484000,0.148000,2.935984
14,101.58,2.870000,-1.416000,0.091000,3.201599
14,103.07,3.008000,-1.377000,0.076000,3.309074
14,104.56,3.122000,-1.336000,0.029000,3.395971
14,106.06,3.257000,-1.301000,0.013000,3.507252
14,107.55,3.393000,-1.256000,-0.007000,3.618015
14,109.05,3.549000,-1.202000,-0.026000,3.747116
14,110.54,3.679000,-1.152000,-0.041000,3.855363
14,112.03,3.812000,-1.103000,-0.062000,3.968853
14,113.53,3.927000,-1.054000,-0.098000,4.067167
14,115.02,4.052000,-1.000000,-0.127000,4.175504
14,116.51,4.161000,-0.953000,-0.141000,4.271067
14,118.01,4.269000,-0.894000,-0.164000,4.364687
14,119.50,4.389000,-0.827000,-0.193000,4.470403
14,121.00,4.497000,-0.767000,-0.219000,4.567194
14,122.49,4.629000,-0.691000,-0.240000,4.686440
14,123.98,4.742000,-0.615000,-0.257000,4.788615
14,125.48,4.850000,-0.538000,-0.278000,4.887661
14,126.97,4.959000,-0.454000,-0.304000,4.989009
14,128.46,5.051000,-0.396000,-0.324000,5.076849
14,129.96,5.165000,-0.278000,-0.351000,5.184372
14,131.45,5.247000,-0.196000,-0.365000,5.263331
14,132.95,5.332000,-0.119000,-0.383000,5.347062
14,134.44,5.421000,-0.013000,-0.409000,5.436423
14,135.93,5.491000,0.066000,-0.410000,5.506681
14,137.43,5.552000,0.158000,-0.428000,5.570714
14,138.92,5.624000,0.271000,-0.449000,5.648400
14,140.41,5.678000,0.354000,-0.461000,5.707672
14,141.91,5.725000,0.453000,-0.471000,5.762176
14,143.40,5.765000,0.554000,-0.480000,5.811415
14,144.90,5.791000,0.645000,-0.492000,5.847544
14,146.39,5.831000,0.753000,-0.505000,5.901067
14,147.88,5.849000,0.849000,-0.511000,5.932345
14,149.38,5.874000,0.942000,-0.525000,5.972174
14,150.87,5.880000,1.038000,-0.528000,5.994216
14,152.37,5.881000,1.131000,-0.531000,6.012261
14,153.86,5.874000,1.247000,-0.544000,6.029496
14,155.35,5.862000,1.338000,-0.544000,6.037319
14,156.85,5.849000,1.431000,-0.542000,6.045852
14,158.34,5.821000,1.532000,-0.540000,6.043398
14,159.83,5.788000,1.640000,-0.540000,6.040045
14,161.33,5.756000,1.722000,-0.541000,6.032371
14,162.82,5.710000,1.811000,-0.524000,6.013185
14,164.32,5.657000,1.905000,-0.529000,5.992538
14,165.81,5.602000,1.998000,-0.529000,5.971118
14,167.30,5.534000,2.109000,-0.517000,5.944773
14,168.80,5.460000,2.192000,-0.516000,5.906159
14,170.29,5.392000,2.265000,-0.513000,5.870865
14,171.78,5.306000,2.353000,-0.498000,5.825654
14,173.28,5.231000,2.435000,-0.488000,5.790573
14,174.77,5.115000,2.523000,-0.476000,5.723227
14,176.27,5.013000,2.595000,-0.459000,5.663468
14,177.76,4.922000,2.673000,-0.454000,5.619353
14,179.25,4.808000,2.747000,-0.428000,5.553923
14,180.75,4.699000,2.808000,-0.425000,5.490546
14,182.24,4.561000,2.896000,-0.402000,5.417669
14,183.73,4.431000,2.951000,-0.388000,5.337856
14,185.23,4.311000,3.017000,-0.363000,5.274351
14,186.72,4.175000,3.070000,-0.343000,5.193570
14,188.22,4.025000,3.133000,-0.330000,5.111283
14,189.71,3.842000,3.203000,-0.305000,5.011307
14,191.20,3.698000,3.242000,-0.268000,4.925200
14,192.70,3.550000,3.290000,-0.261000,4.847135
14,194.19,3.399000,3.338000,-0.231000,4.769571
14,195.68,3.244000,3.371000,-0.206000,4.682906
14,197.18,3.038000,3.409000,-0.186000,4.570046
14,198.67,2.883000,3.446000,-0.163000,4.495906
14,200.17,2.698000,3.473000,-0.127000,4.399666
14,201.66,2.540000,3.495000,-0.102000,4.321693
14,203.15,2.373000,3.524000,-0.078000,4.249210
14,204.65,2.158000,3.537000,-0.051000,4.143662
14,206.14,1.988000,3.551000,-0.024000,4.069683
14,207.63,1.824000,3.570000,0.007000,4.008981
14,209.13,1.640000,3.580000,0.029000,3.937873
14,210.62,1.460000,3.585000,0.054000,3.871271
14,212.12,1.282000,3.591000,0.066000,3.813550
14,213.61,1.104000,3.591000,0.111000,3.758513
14,215.10,0.926000,3.588000,0.151000,3.708641
14,216.60,0.752000,3.582000,0.179000,3.664460
14,218.09,0.565000,3.570000,0.196000,3.619743
14,219.59,0.386000,3.550000,0.224000,3.577942
14,221.08,0.201000,3.534000,0.247000,3.548319
14,222.57,0.021000,3.515000,0.276000,3.525882
14,224.07,-0.153000,3.493000,0.312000,3.510242
14,225.56,-0.331000,3.466000,0.337000,3.498040
14,227.05,-0.497000,3.435000,0.379000,3.491400
14,228.55,-0.710000,3.399000,0.412000,3.496719
14,230.04,-0.884000,3.366000,0.439000,3.507725
14,231.54,-1.052000,3.320000,0.480000,3.515609
14,233.03,-1.221000,3.284000,0.492000,3.538017
14,234.52,-1.389000,3.233000,0.528000,3.558145
14,236.02,-1.593000,3.171000,0.562000,3.592873
14,237.51,-1.747000,3.119000,0.591000,3.623458
14,239.00,-1.911000,3.070000,0.615000,3.668112
14,240.50,-2.084000,3.006000,0.625000,3.710757
14,241.99,-2.255000,2.936000,0.676000,3.763256
14,243.49,-2.462000,2.846000,0.709000,3.829339
14,244.98,-2.615000,2.781000,0.724000,3.885404
14,246.47,-2.775000,2.704000,0.763000,3.948976
14,247.97,-2.901000,2.629000,0.789000,3.993740
14,249.46,-3.021000,2.561000,0.810000,4.042433
14,250.95,-3.181000,2.459000,0.835000,4.106418
14,252.45,-3.299000,2.390000,0.851000,4.161695
14,253.94,-3.395000,2.317000,0.882000,4.203860
14,255.44,-3.493000,2.245000,0.904000,4.249505
14,256.93,-3.584000,2.169000,0.923000,4.289702
14,258.42,-3.697000,2.072000,0.934000,4.339741
14,259.92,-3.786000,1.993000,0.955000,4.383819
14,261.41,-3.858000,1.916000,0.970000,4.415441
14,262.90,-3.937000,1.833000,0.988000,4.453763
14,264.40,-4.008000,1.755000,0.999000,4.487994
14,265.89,-4.080000,1.651000,1.021000,4.518257
14,267.39,-4.145000,1.572000,1.032000,4.551619
14,268.88,-4.202000,1.489000,1.049000,4.579774
14,270.37,-4.236000,1.409000,1.059000,4.588078
14,271.87,-4.289000,1.328000,1.060000,4.613318
14,273.36,-4.329000,1.226000,1.072000,4.625203
14,274.85,-4.355000,1.143000,1.085000,4.631382
14,276.35,-4.382000,1.063000,1.092000,4.639435
14,277.84,-4.403000,0.984000,1.085000,4.640247
14,279.34,-4.413000,0.899000,1.109000,4.638173
14,280.83,-4.432000,0.807000,1.101000,4.637464
14,282.32,-4.432000,0.724000,1.123000,4.629031
14,283.82,-4.427000,0.641000,1.122000,4.611734
14,285.31,-4.427000,0.561000,1.129000,4.603009
14,286.80,-4.412000,0.492000,1.132000,4.581401
14,288.30,-4.395000,0.397000,1.138000,4.557267
14,289.79,-4.370000,0.316000,1.126000,4.523785
14,291.29,-4.344000,0.226000,1.133000,4.495008
14,292.78,-4.322000,0.158000,1.132000,4.470578
14,294.27,-4.290000,0.081000,1.132000,4.437576
14,295.77,-4.251000,-0.001000,1.120000,4.396067
14,297.26,-4.202000,-0.075000,1.116000,4.348320
14,298.76,-4.149000,-0.165000,1.113000,4.298860
14,300.25,-4.080000,-0.245000,1.102000,4.233300
14,301.74,-4.028000,-0.308000,1.106000,4.188423
14,303.24,-3.947000,-0.399000,1.097000,4.115996
14,304.73,-3.871000,-0.459000,1.085000,4.046300
14,306.22,-3.806000,-0.531000,1.083000,3.992554
14,307.72,-3.709000,-0.619000,1.066000,3.908478
14,309.21,-3.631000,-0.683000,1.064000,3.844834
14,310.71,-3.520000,-0.755000,1.036000,3.746161
14,312.20,-3.432000,-0.815000,1.030000,3.674745
14,313.69,-3.315000,-0.892000,1.016000,3.580104
14,315.19,-3.221000,-0.941000,0.994000,3.499765
14,316.68,-3.117000,-0.995000,0.983000,3.416431
14,318.17,-2.978000,-1.057000,0.964000,3.303790
14,319.67,-2.864000,-1.115000,0.957000,3.218939
14,321.16,-2.735000,-1.170000,0.933000,3.117630
14,322.66,-2.601000,-1.222000,0.917000,3.016517
14,324.15,-2.479000,-1.268000,0.902000,2.926921
14,325.64,-2.331000,-1.318000,0.881000,2.819015
14,327.14,-2.196000,-1.366000,0.862000,2.726062
14,328.63,-2.029000,-1.409000,0.835000,2.607556
14,330.12,-1.902000,-1.442000,0.817000,2.522788
14,331.62,-1.766000,-1.478000,0.796000,2.436566
14,333.11,-1.587000,-1.514000,0.769000,2.324247
14,334.61,-1.460000,-1.545000,0.752000,2.254801
14,336.10,-1.271000,-1.579000,0.734000,2.155792
14,337.59,-1.128000,-1.596000,0.709000,2.079010
14,339.09,-0.943000,-1.621000,0.675000,1.993117
14,340.58,-0.798000,-1.644000,0.658000,1.942293
14,342.07,-0.645000,-1.670000,0.633000,1.898845
14,343.57,-0.454000,-1.678000,0.594000,1.837018
14,345.06,-0.301000,-1.695000,0.575000,1.815007
14,346.56,-0.111000,-1.700000,0.548000,1.789588
14,348.05,0.047000,-1.704000,0.533000,1.786033
14,349.54,0.210000,-1.705000,0.508000,1.791421
14,351.04,0.367000,-1.723000,0.479000,1.825612
14,352.53,0.562000,-1.715000,0.435000,1.856420
14,354.02,0.719000,-1.708000,0.425000,1.901276
14,355.52,0.883000,-1.696000,0.380000,1.949488
14,357.01,1.038000,-1.696000,0.361000,2.020936
14,358.51,1.192000,-1.687000,0.348000,2.094740
15,0.00,1.394000,-1.673000,0.311000,2.199747
15,1.48,1.546000,-1.651000,0.283000,2.279475
15,2.96,1.697000,-1.627000,0.263000,2.365609
15,4.44,1.850000,-1.606000,0.234000,2.460994
15,5.93,2.011000,-1.597000,0.221000,2.577474
15,7.41,2.002000,-1.575000,0.218000,2.556590
15,8.89,1.987000,-1.573000,0.215000,2.543368
15,10.37,1.988000,-1.566000,0.216000,2.539913
15,11.85,1.993000,-1.568000,0.212000,2.544723
15,13.33,1.995000,-1.573000,0.215000,2.549623
15,14.81,1.995000,-1.570000,0.215000,2.547774
15,16.30,1.988000,-1.575000,0.215000,2.545387
15,17.78,1.992000,-1.575000,0.217000,2.548682
15,19.26,1.991000,-1.569000,0.217000,2.544196
15,20.74,1.994000,-1.579000,0.214000,2.552464
15,22.22,1.986000,-1.570000,0.211000,2.540397
15,23.70,1.994000,-1.572000,0.223000,2.548911
15,25.19,1.994000,-1.570000,0.215000,2.546991
15,26.67,1.998000,-1.564000,0.207000,2.545771
15,28.15,1.989000,-1.569000,0.210000,2.542043
15,29.63,1.996000,-1.573000,0.221000,2.550919
15,31.11,1.996000,-1.573000,0.217000,2.550575
15,32.59,1.985000,-1.571000,0.221000,2.541084
15,34.07,1.988000,-1.577000,0.214000,2.546541
15,35.56,1.990000,-1.573000,0.221000,2.546227
15,37.04,1.994000,-1.574000,0.204000,2.548554
15,38.52,1.991000,-1.575000,0.216000,2.547815
15,40.00,1.994000,-1.571000,0.209000,2.547108
15,41.48,1.995000,-1.577000,0.202000,2.551031
15,42.96,1.994000,-1.568000,0.216000,2.545843
15,44.44,1.991000,-1.570000,0.215000,2.544643
15,45.93,1.998000,-1.575000,0.209000,2.552706
15,47.41,1.996000,-1.570000,0.221000,2.549070
15,48.89,1.985000,-1.574000,0.215000,2.542425
15,50.37,1.991000,-1.574000,0.199000,2.545812
15,51.85,1.992000,-1.567000,0.219000,2.543917
15,53.33,1.987000,-1.572000,0.201000,2.541605
15,54.81,1.988000,-1.573000,0.214000,2.544065
15,56.30,1.987000,-1.583000,0.214000,2.549481
15,57.78,1.981000,-1.567000,0.207000,2.534304
15,59.26,1.971000,-1.560000,0.210000,2.522408
15,60.74,1.949000,-1.532000,0.221000,2.488868
15,62.22,1.920000,-1.510000,0.217000,2.452262
15,63.70,1.905000,-1.483000,0.233000,2.425408
15,65.19,1.890000,-1.460000,0.226000,2.398911
15,66.67,1.890000,-1.449000,0.224000,2.392045
15,68.15,1.887000,-1.451000,0.222000,2.390702
15,69.63,1.895000,-1.450000,0.218000,2.396049
15,71.11,1.891000,-1.454000,0.216000,2.395131
15,72.59,1.889000,-1.451000,0.223000,2.392374
15,74.07,1.892000,-1.452000,0.223000,2.395349
15,75.56,1.893000,-1.459000,0.221000,2.400202
15,77.04,1.889000,-1.447000,0.212000,2.388948
15,78.52,1.887000,-1.452000,0.214000,2.390579
15,80.00,1.888000,-1.444000,0.216000,2.386700
15,81.48,1.891000,-1.450000,0.203000,2.391566
15,82.96,1.890000,-1.448000,0.212000,2.390345
15,84.44,1.894000,-1.449000,0.214000,2.394292
15,85.93,1.890000,-1.446000,0.216000,2.389492
15,87.41,1.898000,-1.449000,0.210000,2.397103
15,88.89,1.895000,-1.449000,0.222000,2.395811
15,90.37,1.888000,-1.455000,0.221000,2.393827
15,91.85,1.893000,-1.445000,0.210000,2.390727
15,93.33,2.054000,-1.454000,0.227000,2.526769
15,94.81,2.180000,-1.429000,0.170000,2.612153
15,96.30,2.187000,-1.417000,0.166000,2.611209
15,97.78,2.172000,-1.419000,0.164000,2.599623
15,99.26,2.175000,-1.413000,0.153000,2.598192
15,100.74,2.176000,-1.409000,0.150000,2.596682
15,102.22,2.330000,-1.391000,0.129000,2.716693
15,103.70,2.585000,-1.349000,0.107000,2.917786
15,105.19,2.770000,-1.300000,0.061000,3.060494
15,106.67,2.914000,-1.261000,0.051000,3.175550
15,108.15,3.036000,-1.217000,0.016000,3.270878
15,109.63,3.204000,-1.165000,-0.006000,3.409234
15,111.11,3.329000,-1.125000,-0.022000,3.514022
15,112.59,3.441000,-1.081000,-0.035000,3.606975
15,114.07,3.577000,-1.035000,-0.077000,3.724525
15,115.56,3.685000,-1.000000,-0.082000,3.819156
15,117.04,3.805000,-0.940000,-0.099000,3.920641
15,118.52,3.914000,-0.900000,-0.125000,4.018087
15,120.00,4.032000,-0.847000,-0.145000,4.122555
15,121.48,4.163000,-0.768000,-0.180000,4.237074
15,122.96,4.277000,-0.704000,-0.202000,4.339257
15,124.44,4.406000,-0.633000,-0.218000,4.456574
15,125.93,4.511000,-0.553000,-0.233000,4.550738
15,127.41,4.628000,-0.482000,-0.257000,4.660124
15,128.89,4.717000,-0.419000,-0.272000,4.743378
15,130.37,4.803000,-0.352000,-0.283000,4.824189
15,131.85,4.902000,-0.251000,-0.323000,4.919038
15,133.33,4.975000,-0.182000,-0.333000,4.989453
15,134.81,5.082000,-0.073000,-0.354000,5.094837
15,136.30,5.153000,0.001000,-0.367000,5.166053
15,137.78,5.212000,0.083000,-0.377000,5.226276
15,139.26,5.280000,0.167000,-0.403000,5.297990
15,140.74,5.355000,0.272000,-0.401000,5.376877
15,142.22,5.401000,0.353000,-0.421000,5.428872
15,143.70,5.447000,0.446000,-0.420000,5.481343
15,145.19,5.483000,0.535000,-0.443000,5.526822
15,146.67,5.508000,0.615000,-0.449000,5.560386
15,148.15,5.554000,0.721000,-0.467000,5.620040
15,149.63,5.566000,0.811000,-0.467000,5.644127
15,151.11,5.582000,0.895000,-0.472000,5.672965
15,152.59,5.597000,0.981000,-0.486000,5.703066
15,154.07,5.601000,1.069000,-0.490000,5.723116
15,155.56,5.597000,1.176000,-0.495000,5.740593
15,157.04,5.588000,1.263000,-0.492000,5.750041
15,158.52,5.577000,1.342000,-0.499000,5.757855
15,160.00,5.554000,1.441000,-0.495000,5.759203
15,161.48,5.530000,1.525000,-0.492000,5.757481
15,162.96,5.487000,1.627000,-0.509000,5.745727
15,164.44,5.453000,1.713000,-0.484000,5.736186
15,165.93,5.408000,1.797000,-0.498000,5.720461
15,167.41,5.354000,1.885000,-0.481000,5.696482
15,168.89,5.309000,1.964000,-0.480000,5.680949
15,170.37,5.234000,2.067000,-0.481000,5.647885
15,171.85,5.158000,2.145000,-0.462000,5.605304
15,173.33,5.099000,2.217000,-0.455000,5.578702
15,174.81,5.011000,2.300000,-0.446000,5.531640
15,176.30,4.927000,2.374000,-0.443000,5.487026
15,177.78,4.812000,2.459000,-0.431000,5.421050
15,179.26,4.724000,2.528000,-0.410000,5.373552
15,180.74,4.615000,2.603000,-0.406000,5.314007
15,182.22,4.516000,2.672000,-0.379000,5.260939
15,183.70,4.407000,2.730000,-0.372000,5.197397
15,185.19,4.272000,2.794000,-0.356000,5.116948
15,186.67,4.156000,2.862000,-0.345000,5.057905
15,188.15,4.029000,2.924000,-0.328000,4.989008
15,189.63,3.900000,2.973000,-0.304000,4.913364
15,191.11,3.759000,3.027000,-0.284000,4.834611
15,192.59,3.587000,3.080000,-0.254000,4.734711
15,194.07,3.465000,3.126000,-0.245000,4.673128
15,195.56,3.312000,3.174000,-0.214000,4.592321
15,197.04,3.161000,3.212000,-0.210000,4.511426
15,198.52,3.014000,3.247000,-0.180000,4.433915
15,200.00,2.819000,3.291000,-0.156000,4.336102
15,201.48,2.664000,3.316000,-0.128000,4.255483
15,202.96,2.513000,3.342000,-0.111000,4.182876
15,204.44,2.358000,3.361000,-0.080000,4.106444
15,205.93,2.153000,3.388000,-0.060000,4.014667
15,207.41,1.991000,3.408000,-0.028000,3.947066
15,208.89,1.830000,3.424000,-0.016000,3.882387
15,210.37,1.667000,3.431000,0.016000,3.814565
15,211.85,1.500000,3.441000,0.040000,3.753942
15,213.33,1.331000,3.433000,0.058000,3.682447
15,214.81,1.171000,3.442000,0.098000,3.637060
15,216.30,0.999000,3.441000,0.115000,3.584928
15,217.78,0.832000,3.437000,0.144000,3.539199
15,219.26,0.670000,3.427000,0.170000,3.496016
15,220.74,0.502000,3.410000,0.202000,3.452667
15,222.22,0.342000,3.400000,0.227000,3.424689
15,223.70,0.173000,3.387000,0.258000,3.401215
15,225.19,0.001000,3.366000,0.269000,3.376732
15,226.67,-0.154000,3.347000,0.316000,3.365409
15,228.15,-0.327000,3.323000,0.330000,3.355318
15,229.63,-0.490000,3.296000,0.370000,3.352703
15,231.11,-0.685000,3.253000,0.401000,3.348438
15,232.59,-0.851000,3.212000,0.428000,3.350273
15,234.07,-1.005000,3.184000,0.445000,3.368368
15,235.56,-1.158000,3.147000,0.456000,3.384156
15,237.04,-1.326000,3.102000,0.511000,3.412008
15,238.52,-1.513000,3.041000,0.534000,3.438314
15,240.00,-1.662000,3.001000,0.560000,3.475895
15,241.48,-1.811000,2.944000,0.572000,3.503433
15,242.96,-1.982000,2.886000,0.598000,3.551749
15,244.44,-2.119000,2.826000,0.640000,3.589713
15,245.93,-2.305000,2.753000,0.654000,3.649623
15,247.41,-2.450000,2.687000,0.692000,3.701531
15,248.89,-2.596000,2.599000,0.708000,3.741027
15,250.37,-2.739000,2.534000,0.737000,3.803478
15,251.85,-2.861000,2.463000,0.751000,3.849116
15,253.33,-3.014000,2.368000,0.782000,3.911923
15,254.81,-3.126000,2.290000,0.809000,3.958593
15,256.30,-3.229000,2.228000,0.820000,4.007845
15,257.78,-3.317000,2.154000,0.843000,4.043866
15,259.26,-3.407000,2.086000,0.863000,4.087030
15,260.74,-3.507000,1.994000,0.882000,4.129529
15,262.22,-3.588000,1.921000,0.893000,4.166705
15,263.70,-3.663000,1.844000,0.918000,4.202455
15,265.19,-3.725000,1.767000,0.925000,4.225345
15,266.67,-3.792000,1.695000,0.949000,4.260621
15,268.15,-3.871000,1.600000,0.953000,4.295678
15,269.63,-3.923000,1.520000,0.966000,4.316652
15,271.11,-3.976000,1.441000,0.969000,4.338665
15,272.59,-4.016000,1.364000,0.997000,4.356921
15,274.07,-4.058000,1.284000,0.997000,4.371502
15,275.56,-4.100000,1.190000,1.003000,4.385443
15,277.04,-4.131000,1.106000,1.007000,4.393455
15,278.52,-4.147000,1.029000,1.032000,4.395620
15,280.00,-4.169000,0.948000,1.031000,4.397980
15,281.48,-4.180000,0.876000,1.039000,4.395372
15,282.96,-4.191000,0.778000,1.047000,4.389302
15,284.44,-4.193000,0.698000,1.047000,4.377746
15,285.93,-4.192000,0.619000,1.044000,4.364168
15,287.41,-4.193000,0.549000,1.059000,4.359373
15,288.89,-4.177000,0.455000,1.058000,4.332865
15,290.37,-4.152000,0.388000,1.058000,4.302210
15,291.85,-4.138000,0.313000,1.047000,4.279862
15,293.33,-4.118000,0.225000,1.055000,4.256944
15,294.81,-4.085000,0.159000,1.050000,4.220783
15,296.30,-4.043000,0.077000,1.054000,4.178839
15,297.78,-4.010000,0.002000,1.052000,4.145698
15,299.26,-3.962000,-0.079000,1.056000,4.101076
15,300.74,-3.913000,-0.151000,1.038000,4.051150
15,302.22,-3.849000,-0.220000,1.038000,3.992574
15,303.70,-3.781000,-0.298000,1.030000,3.930097
15,305.19,-3.699000,-0.375000,1.016000,3.854281
15,306.67,-3.637000,-0.442000,1.000000,3.797780
15,308.15,-3.569000,-0.508000,0.991000,3.738704
15,309.63,-3.474000,-0.588000,0.995000,3.661208
15,311.11,-3.392000,-0.649000,0.980000,3.589884
15,312.59,-3.283000,-0.724000,0.971000,3.499301
15,314.07,-3.199000,-0.773000,0.962000,3.428786
15,315.56,-3.108000,-0.830000,0.943000,3.352285
15,317.04,-2.984000,-0.898000,0.928000,3.251437
15,318.52,-2.886000,-0.944000,0.935000,3.177162
15,320.00,-2.762000,-1.006000,0.902000,3.074782
15,321.48,-2.645000,-1.056000,0.890000,2.983833
15,322.96,-2.505000,-1.108000,0.878000,2.876382
15,324.44,-2.391000,-1.157000,0.856000,2.790746
15,325.93,-2.273000,-1.190000,0.844000,2.700919
15,327.41,-2.129000,-1.239000,0.814000,2.594293
15,328.89,-2.009000,-1.282000,0.793000,2.511664
15,330.37,-1.858000,-1.329000,0.772000,2.411304
15,331.85,-1.728000,-1.358000,0.751000,2.322531
15,333.33,-1.600000,-1.387000,0.746000,2.245058
15,334.81,-1.433000,-1.424000,0.714000,2.142676
15,336.30,-1.304000,-1.442000,0.698000,2.065668
15,337.78,-1.134000,-1.472000,0.667000,1.974241
15,339.26,-1.005000,-1.503000,0.654000,1.922693
15,340.74,-0.856000,-1.515000,0.632000,1.851320
15,342.22,-0.686000,-1.534000,0.605000,1.785995
15,343.70,-0.534000,-1.551000,0.588000,1.742556
15,345.19,-0.367000,-1.573000,0.555000,1.707935
15,346.67,-0.219000,-1.579000,0.531000,1.680227
15,348.15,-0.039000,-1.590000,0.515000,1.671779
15,349.63,0.111000,-1.586000,0.476000,1.659606
15,351.11,0.259000,-1.594000,0.470000,1.681909
15,352.59,0.412000,-1.599000,0.436000,1.707818
15,354.07,0.612000,-1.593000,0.400000,1.752767
15,355.56,0.746000,-1.591000,0.386000,1.799109
15,357.04,0.904000,-1.580000,0.369000,1.857358
15,358.52,1.054000,-1.573000,0.342000,1.924113
16,0.00,1.201000,-1.566000,0.319000,1.999129
16,1.49,1.396000,-1.552000,0.282000,2.106429
16,2.98,1.533000,-1.530000,0.265000,2.182021
16,4.46,1.681000,-1.515000,0.249000,2.276617
16,5.95,1.848000,-1.507000,0.239000,2.396513
16,7.44,1.887000,-1.475000,0.241000,2.407172
16,8.93,1.845000,-1.469000,0.232000,2.369770
16,10.41,1.837000,-1.475000,0.229000,2.366989
16,11.90,1.841000,-1.477000,0.229000,2.371339
16,13.39,1.847000,-1.474000,0.234000,2.374624
16,14.88,1.840000,-1.469000,0.229000,2.365587
16,16.36,1.840000,-1.476000,0.237000,2.370727
16,17.85,1.844000,-1.467000,0.236000,2.368147
16,19.34,1.840000,-1.475000,0.240000,2.370406
16,20.83,1.841000,-1.471000,0.223000,2.367034
16,22.31,1.846000,-1.475000,0.232000,2.374271
16,23.80,1.837000,-1.472000,0.224000,2.364641
16,25.29,1.839000,-1.474000,0.225000,2.367535
16,26.78,1.838000,-1.473000,0.225000,2.366136
16,28.26,1.837000,-1.471000,0.233000,2.364889
16,29.75,1.840000,-1.470000,0.234000,2.366697
16,31.24,1.839000,-1.471000,0.226000,2.365764
16,32.73,1.832000,-1.473000,0.229000,2.361862
16,34.21,1.841000,-1.475000,0.232000,2.370386
16,35.70,1.835000,-1.472000,0.236000,2.364256
16,37.19,1.838000,-1.468000,0.235000,2.363999
16,38.68,1.837000,-1.480000,0.233000,2.370497
16,40.17,1.841000,-1.479000,0.238000,2.373471
16,41.65,1.841000,-1.474000,0.237000,2.370259
16,43.14,1.840000,-1.471000,0.240000,2.367919
16,44.63,1.841000,-1.472000,0.229000,2.368228
16,46.12,1.845000,-1.473000,0.235000,2.372547
16,47.60,1.837000,-1.470000,0.228000,2.363779
16,49.09,1.836000,-1.476000,0.231000,2.367030
16,50.58,1.839000,-1.472000,0.227000,2.366481
16,52.07,1.839000,-1.476000,0.227000,2.368972
16,53.55,1.838000,-1.473000,0.229000,2.366519
16,55.04,1.837000,-1.474000,0.230000,2.366463
16,56.53,1.837000,-1.477000,0.236000,2.368923
16,58.02,1.836000,-1.473000,0.235000,2.365555
16,59.50,1.832000,-1.477000,0.236000,2.365047
16,60.99,1.816000,-1.451000,0.231000,2.335940
16,62.48,1.793000,-1.435000,0.234000,2.308426
16,63.97,1.780000,-1.405000,0.243000,2.280674
16,65.45,1.772000,-1.377000,0.239000,2.256819
16,66.94,1.758000,-1.358000,0.229000,2.233197
16,68.43,1.755000,-1.360000,0.225000,2.231647
16,69.92,1.752000,-1.356000,0.224000,2.226750
16,71.40,1.754000,-1.358000,0.223000,2.229441
16,72.89,1.747000,-1.358000,0.214000,2.223054
16,74.38,1.750000,-1.364000,0.225000,2.230162
16,75.87,1.753000,-1.362000,0.228000,2.231600
16,77.36,1.751000,-1.362000,0.229000,2.230131
16,78.84,1.759000,-1.356000,0.229000,2.232769
16,80.33,1.751000,-1.362000,0.224000,2.229624
16,81.82,1.751000,-1.355000,0.226000,2.225557
16,83.31,1.753000,-1.363000,0.227000,2.232108
16,84.79,1.754000,-1.365000,0.221000,2.233513
16,86.28,1.757000,-1.362000,0.214000,2.233358
16,87.77,1.753000,-1.355000,0.231000,2.227643
16,89.26,1.755000,-1.359000,0.230000,2.231548
16,90.74,1.755000,-1.357000,0.229000,2.230228
16,92.23,1.751000,-1.356000,0.209000,2.224504
16,93.72,1.815000,-1.387000,0.220000,2.294863
16,95.21,2.015000,-1.347000,0.170000,2.429719
16,96.69,2.063000,-1.329000,0.187000,2.461134
16,98.18,2.072000,-1.304000,0.139000,2.452126
16,99.67,2.081000,-1.303000,0.137000,2.459093
16,101.16,2.162000,-1.300000,0.134000,2.526302
16,102.64,2.386000,-1.265000,0.101000,2.702484
16,104.13,2.626000,-1.205000,0.078000,2.890326
16,105.62,2.755000,-1.166000,0.054000,2.992072
16,107.11,2.894000,-1.124000,0.031000,3.104766
16,108.60,3.022000,-1.089000,0.005000,3.212231
16,110.08,3.144000,-1.050000,-0.001000,3.314700
16,111.57,3.284000,-0.998000,-0.026000,3.432395
16,113.06,3.391000,-0.953000,-0.068000,3.523026
16,114.55,3.507000,-0.915000,-0.069000,3.625057
16,116.03,3.605000,-0.862000,-0.087000,3.707646
16,117.52,3.698000,-0.819000,-0.103000,3.789007
16,119.01,3.818000,-0.767000,-0.125000,3.896285
16,120.50,3.928000,-0.712000,-0.153000,3.994939
16,121.98,4.045000,-0.647000,-0.160000,4.099541
16,123.47,4.147000,-0.579000,-0.187000,4.191398
16,124.96,4.246000,-0.527000,-0.197000,4.283113
16,126.45,4.363000,-0.453000,-0.226000,4.392272
16,127.93,4.439000,-0.392000,-0.250000,4.463282
16,129.42,4.544000,-0.313000,-0.267000,4.562586
16,130.91,4.616000,-0.237000,-0.276000,4.630313
16,132.40,4.708000,-0.167000,-0.293000,4.720064
16,133.88,4.794000,-0.073000,-0.314000,4.804827
16,135.37,4.863000,0.001000,-0.328000,4.874049
16,136.86,4.944000,0.096000,-0.352000,4.957445
16,138.35,4.999000,0.167000,-0.354000,5.014300
16,139.83,5.065000,0.253000,-0.377000,5.085309
16,141.32,5.107000,0.327000,-0.375000,5.131179
16,142.81,5.160000,0.404000,-0.394000,5.190766
16,144.30,5.207000,0.519000,-0.406000,5.248528
16,145.79,5.234000,0.597000,-0.412000,5.284024
16,147.27,5.268000,0.683000,-0.422000,5.328827
16,148.76,5.286000,0.757000,-0.427000,5.356974
16,150.25,5.312000,0.837000,-0.437000,5.395265
16,151.74,5.323000,0.949000,-0.442000,5.424969
16,153.22,5.320000,1.027000,-0.443000,5.436302
16,154.71,5.327000,1.113000,-0.453000,5.460852
16,156.20,5.321000,1.198000,-0.452000,5.472892
16,157.69,5.311000,1.280000,-0.452000,5.481736
16,159.17,5.293000,1.396000,-0.451000,5.492546
16,160.66,5.271000,1.471000,-0.452000,5.491046
16,162.15,5.237000,1.562000,-0.457000,5.484055
16,163.64,5.207000,1.648000,-0.453000,5.480325
16,165.12,5.159000,1.724000,-0.450000,5.458018
16,166.61,5.110000,1.820000,-0.450000,5.443069
16,168.10,5.054000,1.909000,-0.441000,5.420487
16,169.59,4.992000,1.988000,-0.428000,5.390305
16,171.07,4.928000,2.061000,-0.399000,5.356501
16,172.56,4.861000,2.136000,-0.409000,5.325326
16,174.05,4.772000,2.232000,-0.400000,5.283352
16,175.54,4.690000,2.302000,-0.392000,5.239176
16,177.02,4.603000,2.368000,-0.380000,5.190321
16,178.51,4.508000,2.444000,-0.374000,5.141505
16,180.00,4.423000,2.510000,-0.355000,5.097946
16,181.49,4.290000,2.593000,-0.344000,5.024548
16,182.98,4.182000,2.641000,-0.330000,4.957107
16,184.46,4.069000,2.703000,-0.314000,4.895055
16,185.95,3.957000,2.753000,-0.310000,4.830420
16,187.44,3.833000,2.809000,-0.276000,4.760099
16,188.93,3.680000,2.881000,-0.256000,4.680609
16,190.41,3.544000,2.924000,-0.247000,4.601165
16,191.90,3.419000,2.974000,-0.229000,4.537254
16,193.39,3.287000,3.008000,-0.206000,4.460366
16,194.88,3.148000,3.049000,-0.179000,4.386154
16,196.36,2.976000,3.099000,-0.149000,4.299137
16,197.85,2.833000,3.132000,-0.138000,4.225442
16,199.34,2.682000,3.161000,-0.119000,4.147193
16,200.83,2.544000,3.190000,-0.093000,4.081260
16,202.31,2.397000,3.213000,-0.072000,4.009260
16,203.80,2.213000,3.245000,-0.042000,3.927997
16,205.29,2.067000,3.251000,-0.030000,3.852582
16,206.78,1.919000,3.266000,-0.011000,3.788065
16,208.26,1.772000,3.280000,0.022000,3.728119
16,209.75,1.620000,3.287000,0.041000,3.664758
16,211.24,1.464000,3.290000,0.066000,3.601632
16,212.73,1.306000,3.295000,0.099000,3.545767
16,214.21,1.155000,3.295000,0.110000,3.493301
16,215.70,0.995000,3.300000,0.141000,3.449624
16,217.19,0.841000,3.296000,0.161000,3.405410
16,218.68,0.677000,3.293000,0.185000,3.366958
16,220.17,0.522000,3.276000,0.212000,3.324094
16,221.65,0.370000,3.266000,0.233000,3.295140
16,223.14,0.201000,3.253000,0.254000,3.269086
16,224.63,0.048000,3.238000,0.282000,3.250611
16,226.12,-0.109000,3.211000,0.313000,3.228060
16,227.60,-0.258000,3.182000,0.337000,3.210180
16,229.09,-0.454000,3.155000,0.361000,3.207875
16,230.58,-0.606000,3.124000,0.382000,3.205080
16,232.07,-0.760000,3.094000,0.417000,3.213149
16,233.55,-0.913000,3.056000,0.449000,3.220917
16,235.04,-1.052000,3.026000,0.460000,3.236507
16,236.53,-1.242000,2.969000,0.502000,3.257227
16,238.02,-1.391000,2.925000,0.510000,3.278812
16,239.50,-1.538000,2.880000,0.543000,3.309787
16,240.99,-1.673000,2.831000,0.576000,3.338453
16,242.48,-1.829000,2.776000,0.582000,3.374928
16,243.97,-2.021000,2.701000,0.623000,3.430448
16,245.45,-2.151000,2.639000,0.641000,3.464391
16,246.94,-2.284000,2.582000,0.658000,3.509465
16,248.43,-2.423000,2.516000,0.681000,3.558784
16,249.92,-2.550000,2.446000,0.702000,3.602530
16,251.40,-2.704000,2.360000,0.731000,3.662728
16,252.89,-2.816000,2.289000,0.760000,3.707692
16,254.38,-2.930000,2.222000,0.773000,3.757621
16,255.87,-3.010000,2.156000,0.794000,3.786670
16,257.36,-3.103000,2.087000,0.811000,3.826473
16,258.84,-3.207000,2.006000,0.828000,3.872269
16,260.33,-3.284000,1.939000,0.837000,3.904478
16,261.82,-3.364000,1.873000,0.861000,3.945370
16,263.31,-3.432000,1.803000,0.870000,3.973202
16,264.79,-3.499000,1.736000,0.881000,4.004105
16,266.28,-3.567000,1.638000,0.893000,4.025417
16,267.77,-3.625000,1.576000,0.905000,4.055049
16,269.26,-3.679000,1.497000,0.926000,4.078422
16,270.74,-3.733000,1.428000,0.924000,4.102225
16,272.23,-3.775000,1.355000,0.942000,4.119953
16,273.72,-3.825000,1.265000,0.943000,4.137644
16,275.21,-3.851000,1.200000,0.957000,4.145606
16,276.69,-3.884000,1.127000,0.960000,4.156583
16,278.18,-3.910000,1.042000,0.970000,4.161101
16,279.67,-3.927000,0.977000,0.983000,4.164390
16,281.16,-3.942000,0.877000,0.982000,4.156058
16,282.64,-3.961000,0.816000,0.987000,4.162877
16,284.13,-3.962000,0.734000,0.996000,4.150689
16,285.62,-3.961000,0.666000,0.996000,4.138248
16,287.11,-3.959000,0.589000,0.996000,4.124635
16,288.60,-3.951000,0.508000,1.002000,4.107611
16,290.08,-3.935000,0.430000,0.989000,4.080104
16,291.57,-3.918000,0.364000,1.001000,4.060200
16,293.06,-3.895000,0.290000,1.002000,4.032261
16,294.55,-3.877000,0.217000,1.015000,4.013532
16,296.03,-3.839000,0.130000,1.003000,3.969991
16,297.52,-3.801000,0.069000,0.983000,3.926659
16,299.01,-3.757000,0.001000,0.990000,3.885248
16,300.50,-3.721000,-0.070000,0.975000,3.847254
16,301.98,-3.654000,-0.153000,0.974000,3.784680
16,303.47,-3.605000,-0.206000,0.981000,3.741767
16,304.96,-3.543000,-0.275000,0.964000,3.682088
16,306.45,-3.464000,-0.364000,0.957000,3.612152
16,307.93,-3.403000,-0.410000,0.953000,3.557628
16,309.42,-3.318000,-0.483000,0.945000,3.483596
16,310.91,-3.241000,-0.544000,0.927000,3.414578
16,312.40,-3.135000,-0.623000,0.913000,3.324142
16,313.88,-3.052000,-0.672000,0.914000,3.256023
16,315.37,-2.972000,-0.728000,0.893000,3.187510
16,316.86,-2.864000,-0.785000,0.892000,3.100707
16,318.35,-2.771000,-0.838000,0.872000,3.023420
16,319.83,-2.641000,-0.895000,0.852000,2.915786
16,321.32,-2.539000,-0.942000,0.842000,2.835992
16,322.81,-2.439000,-0.978000,0.840000,2.758769
16,324.30,-2.306000,-1.033000,0.815000,2.654986
16,325.79,-2.194000,-1.067000,0.805000,2.569076
16,327.27,-2.045000,-1.123000,0.787000,2.462219
16,328.76,-1.938000,-1.157000,0.763000,2.382575
16,330.25,-1.822000,-1.189000,0.756000,2.303246
16,331.74,-1.659000,-1.231000,0.729000,2.190681
16,333.22,-1.544000,-1.262000,0.711000,2.117097
16,334.71,-1.388000,-1.305000,0.701000,2.030017
16,336.20,-1.266000,-1.315000,0.669000,1.944104
16,337.69,-1.107000,-1.357000,0.637000,1.863509
16,339.17,-0.970000,-1.376000,0.632000,1.798249
16,340.66,-0.840000,-1.394000,0.611000,1.738435
16,342.15,-0.676000,-1.409000,0.597000,1.672921
16,343.64,-0.532000,-1.430000,0.571000,1.629099
16,345.12,-0.363000,-1.432000,0.536000,1.571524
16,346.61,-0.224000,-1.454000,0.510000,1.557046
16,348.10,-0.082000,-1.457000,0.498000,1.541939
16,349.59,0.090000,-1.462000,0.464000,1.536503
16,351.07,0.236000,-1.472000,0.440000,1.554374
16,352.56,0.389000,-1.472000,0.422000,1.579933
16,354.05,0.533000,-1.470000,0.397000,1.613257
16,355.54,0.711000,-1.463000,0.381000,1.670644
16,357.02,0.859000,-1.464000,0.359000,1.734952
16,358.51,1.008000,-1.447000,0.333000,1.794648
17,0.00,1.153000,-1.442000,0.307000,1.871636
17,1.46,1.303000,-1.416000,0.299000,1.947374
17,2.93,1.478000,-1.410000,0.266000,2.059937
17,4.39,1.604000,-1.397000,0.245000,2.141133
17,5.85,1.756000,-1.374000,0.228000,2.241293
17,7.32,1.831000,-1.371000,0.238000,2.299749
17,8.78,1.760000,-1.349000,0.228000,2.229212
17,10.24,1.769000,-1.352000,0.210000,2.236373
17,11.71,1.772000,-1.344000,0.210000,2.233925
17,13.17,1.774000,-1.340000,0.222000,2.234269
17,14.63,1.776000,-1.346000,0.220000,2.239261
17,16.10,1.780000,-1.349000,0.208000,2.243093
17,17.56,1.774000,-1.343000,0.212000,2.235099
17,19.02,1.780000,-1.350000,0.215000,2.244354
17,20.49,1.775000,-1.342000,0.225000,2.236563
17,21.95,1.779000,-1.338000,0.219000,2.236749
17,23.41,1.772000,-1.347000,0.220000,2.236692
17,24.88,1.776000,-1.335000,0.218000,2.232471
17,26.34,1.772000,-1.341000,0.209000,2.232027
17,27.80,1.778000,-1.346000,0.213000,2.240172
17,29.27,1.783000,-1.339000,0.214000,2.240046
17,30.73,1.770000,-1.343000,0.207000,2.231456
17,32.20,1.774000,-1.343000,0.214000,2.235290
17,33.66,1.777000,-1.340000,0.211000,2.235587
17,35.12,1.776000,-1.342000,0.212000,2.236087
17,36.59,1.783000,-1.338000,0.218000,2.239834
17,38.05,1.780000,-1.343000,0.217000,2.240343
17,39.51,1.775000,-1.341000,0.213000,2.234787
17,40.98,1.779000,-1.341000,0.220000,2.238643
17,42.44,1.777000,-1.340000,0.216000,2.236065
17,43.90,1.778000,-1.344000,0.220000,2.239647
17,45.37,1.788000,-1.344000,0.207000,2.246359
17,46.83,1.776000,-1.344000,0.211000,2.237193
17,48.29,1.772000,-1.341000,0.201000,2.231292
17,49.76,1.779000,-1.340000,0.230000,2.239049
17,51.22,1.778000,-1.340000,0.209000,2.236194
17,52.68,1.774000,-1.342000,0.208000,2.234123
17,54.15,1.781000,-1.340000,0.211000,2.238768
17,55.61,1.774000,-1.343000,0.211000,2.235005
17,57.07,1.776000,-1.345000,0.211000,2.237794
17,58.54,1.765000,-1.346000,0.219000,2.230449
17,60.00,1.770000,-1.346000,0.209000,2.233450
17,61.46,1.763000,-1.324000,0.216000,2.215356
17,62.93,1.736000,-1.303000,0.219000,2.181620
17,64.39,1.695000,-1.289000,0.230000,2.141832
17,65.85,1.689000,-1.257000,0.227000,2.117616
17,67.32,1.673000,-1.238000,0.242000,2.095265
17,68.78,1.674000,-1.240000,0.236000,2.096562
17,70.24,1.669000,-1.241000,0.230000,2.092497
17,71.71,1.668000,-1.242000,0.228000,2.092074
17,73.17,1.665000,-1.237000,0.231000,2.087045
17,74.63,1.665000,-1.243000,0.244000,2.092083
17,76.10,1.667000,-1.247000,0.227000,2.094141
17,77.56,1.666000,-1.243000,0.234000,2.091736
17,79.02,1.670000,-1.238000,0.232000,2.091738
17,80.49,1.668000,-1.246000,0.233000,2.095001
17,81.95,1.668000,-1.244000,0.226000,2.093045
17,83.41,1.666000,-1.242000,0.227000,2.090371
17,84.88,1.670000,-1.246000,0.227000,2.095935
17,86.34,1.666000,-1.243000,0.230000,2.091293
17,87.80,1.663000,-1.240000,0.229000,2.087010
17,89.27,1.665000,-1.240000,0.240000,2.089839
17,90.73,1.663000,-1.240000,0.224000,2.086467
17,92.20,1.668000,-1.242000,0.229000,2.092183
17,93.66,1.700000,-1.276000,0.249000,2.140135
17,95.12,1.876000,-1.237000,0.220000,2.257863
17,96.59,1.891000,-1.223000,0.200000,2.260887
17,98.05,1.878000,-1.235000,0.225000,2.258923
17,99.51,1.872000,-1.228000,0.187000,2.246628
17,100.98,1.865000,-1.221000,0.170000,2.235613
17,102.44,1.873000,-1.213000,0.188000,2.239384
17,103.90,2.017000,-1.217000,0.178000,2.362427
17,105.37,2.231000,-1.173000,0.139000,2.524403
17,106.83,2.378000,-1.138000,0.114000,2.638735
17,108.29,2.502000,-1.107000,0.099000,2.737746
17,109.76,2.613000,-1.075000,0.080000,2.826622
17,111.22,2.760000,-1.033000,0.055000,2.947493
17,112.68,2.890000,-1.000000,0.042000,3.058409
17,114.15,2.998000,-0.963000,0.017000,3.148914
17,115.61,3.110000,-0.919000,0.005000,3.242944
17,117.07,3.205000,-0.884000,-0.024000,3.324764
17,118.54,3.337000,-0.835000,-0.039000,3.440104
17,120.00,3.414000,-0.815000,-0.044000,3.510208
17,121.46,3.541000,-0.750000,-0.065000,3.620139
17,122.93,3.635000,-0.710000,-0.092000,3.704833
17,124.39,3.736000,-0.648000,-0.097000,3.793021
17,125.85,3.857000,-0.586000,-0.127000,3.903329
17,127.32,3.941000,-0.537000,-0.146000,3.980096
17,128.78,4.054000,-0.470000,-0.160000,4.084289
17,130.24,4.143000,-0.416000,-0.177000,4.167593
17,131.71,4.237000,-0.346000,-0.191000,4.255393
17,133.17,4.317000,-0.286000,-0.226000,4.332362
17,134.63,4.397000,-0.210000,-0.227000,4.407861
17,136.10,4.486000,-0.140000,-0.255000,4.495422
17,137.56,4.546000,-0.072000,-0.261000,4.554055
17,139.02,4.639000,0.013000,-0.274000,4.647103
17,140.49,4.702000,0.087000,-0.291000,4.711799
17,141.95,4.752000,0.158000,-0.299000,4.764018
17,143.41,4.814000,0.238000,-0.312000,4.829967
17,144.88,4.867000,0.305000,-0.329000,4.887633
17,146.34,4.909000,0.393000,-0.333000,4.935952
17,147.80,4.958000,0.474000,-0.358000,4.993456
17,149.27,4.995000,0.565000,-0.352000,5.039162
17,150.73,5.016000,0.638000,-0.367000,5.069713
17,152.20,5.048000,0.707000,-0.384000,5.111713
17,153.66,5.066000,0.812000,-0.387000,5.145238
17,155.12,5.081000,0.888000,-0.390000,5.172737
17,156.59,5.092000,0.971000,-0.390000,5.198404
17,158.05,5.092000,1.049000,-0.400000,5.214294
17,159.51,5.091000,1.133000,-0.400000,5.230867
17,160.98,5.079000,1.229000,-0.407000,5.241405
17,162.44,5.065000,1.309000,-0.407000,5.247224
17,163.90,5.036000,1.397000,-0.412000,5.242390
17,165.37,5.020000,1.474000,-0.398000,5.247045
17,166.83,4.996000,1.553000,-0.408000,5.247694
17,168.29,4.946000,1.647000,-0.394000,5.227883
17,169.76,4.912000,1.725000,-0.394000,5.220977
17,171.22,4.856000,1.803000,-0.402000,5.195493
17,172.68,4.801000,1.882000,-0.391000,5.171499
17,174.15,4.746000,1.950000,-0.384000,5.145335
17,175.61,4.666000,2.035000,-0.373000,5.104107
17,177.07,4.596000,2.117000,-0.384000,5.074678
17,178.54,4.521000,2.178000,-0.360000,5.031175
17,180.00,4.442000,2.245000,-0.355000,4.989731
17,181.46,4.357000,2.306000,-0.355000,4.942379
17,182.93,4.257000,2.391000,-0.328000,4.893518
17,184.39,4.158000,2.443000,-0.321000,4.833245
17,185.85,4.068000,2.507000,-0.309000,4.788440
17,187.32,3.968000,2.564000,-0.294000,4.733451
17,188.78,3.865000,2.608000,-0.290000,4.671615
17,190.24,3.729000,2.678000,-0.255000,4.598059
17,191.71,3.608000,2.731000,-0.259000,4.532450
17,193.17,3.484000,2.769000,-0.231000,4.456341
17,194.63,3.368000,2.823000,-0.223000,4.400282
17,196.10,3.254000,2.868000,-0.204000,4.342298
17,197.56,3.096000,2.916000,-0.190000,4.257273
17,199.02,2.970000,2.950000,-0.161000,4.189191
17,200.49,2.834000,2.981000,-0.146000,4.115730
17,201.95,2.695000,3.015000,-0.122000,4.045755
17,203.41,2.569000,3.038000,-0.115000,3.980255
17,204.88,2.386000,3.070000,-0.079000,3.888976
17,206.34,2.231000,3.086000,-0.073000,3.808686
17,207.80,2.106000,3.111000,-0.052000,3.757161
17,209.27,1.966000,3.129000,-0.029000,3.695489
17,210.73,1.815000,3.141000,-0.001000,3.627686
17,212.20,1.627000,3.155000,0.014000,3.549838
17,213.66,1.475000,3.166000,0.047000,3.493049
17,215.12,1.329000,3.165000,0.061000,3.433247
17,216.59,1.189000,3.171000,0.083000,3.387603
17,218.05,1.026000,3.180000,0.116000,3.343431
17,219.51,0.866000,3.174000,0.135000,3.292789
17,220.98,0.712000,3.171000,0.159000,3.253839
17,222.44,0.557000,3.158000,0.177000,3.211626
17,223.90,0.403000,3.155000,0.213000,3.187758
17,225.37,0.251000,3.135000,0.228000,3.153286
17,226.83,0.094000,3.120000,0.253000,3.131652
17,228.29,-0.057000,3.095000,0.269000,3.107191
17,229.76,-0.212000,3.079000,0.295000,3.100356
17,231.22,-0.359000,3.057000,0.325000,3.095118
17,232.68,-0.509000,3.024000,0.357000,3.087249
17,234.15,-0.654000,3.001000,0.372000,3.093881
17,235.61,-0.851000,2.958000,0.397000,3.103478
17,237.07,-0.998000,2.923000,0.417000,3.116700
17,238.54,-1.137000,2.882000,0.459000,3.131992
17,240.00,-1.281000,2.842000,0.472000,3.152889
17,241.46,-1.406000,2.802000,0.491000,3.173188
17,242.93,-1.593000,2.743000,0.519000,3.214196
17,244.39,-1.733000,2.689000,0.541000,3.244486
17,245.85,-1.876000,2.632000,0.574000,3.282724
17,247.32,-2.007000,2.579000,0.590000,3.320751
17,248.78,-2.138000,2.514000,0.606000,3.355365
17,250.24,-2.317000,2.438000,0.627000,3.421325
17,251.71,-2.432000,2.370000,0.654000,3.458213
17,253.17,-2.541000,2.312000,0.683000,3.502644
17,254.63,-2.658000,2.240000,0.701000,3.545979
17,256.10,-2.767000,2.176000,0.713000,3.591606
17,257.56,-2.879000,2.096000,0.739000,3.637029
17,259.02,-2.951000,2.034000,0.752000,3.662112
17,260.49,-3.028000,1.970000,0.768000,3.693170
17,261.95,-3.115000,1.904000,0.777000,3.732582
17,263.41,-3.191000,1.835000,0.789000,3.764602
17,264.88,-3.267000,1.759000,0.809000,3.797611
17,266.34,-3.330000,1.696000,0.820000,3.825927
17,267.80,-3.392000,1.624000,0.825000,3.850151
17,269.27,-3.445000,1.555000,0.854000,3.874967
17,270.73,-3.490000,1.494000,0.854000,3.891202
17,272.20,-3.555000,1.403000,0.870000,3.919609
17,273.66,-3.588000,1.340000,0.877000,3.929182
17,275.12,-3.635000,1.262000,0.886000,3.948527
17,276.59,-3.667000,1.202000,0.880000,3.958042
17,278.05,-3.689000,1.130000,0.897000,3.961089
17,279.51,-3.718000,1.041000,0.905000,3.965631
17,280.98,-3.738000,0.973000,0.903000,3.966709
17,282.44,-3.748000,0.901000,0.909000,3.960503
17,283.90,-3.763000,0.837000,0.914000,3.961835
17,285.37,-3.770000,0.768000,0.931000,3.958470
17,286.83,-3.759000,0.681000,0.930000,3.931761
17,288.29,-3.763000,0.609000,0.934000,3.924717
17,289.76,-3.758000,0.539000,0.938000,3.910617
17,291.22,-3.745000,0.476000,0.935000,3.889193
17,292.68,-3.731000,0.397000,0.936000,3.867049
17,294.15,-3.703000,0.326000,0.930000,3.831891
17,295.61,-3.677000,0.261000,0.939000,3.803968
17,297.07,-3.647000,0.187000,0.938000,3.770334
17,298.54,-3.613000,0.124000,0.939000,3.735086
17,300.00,-3.584000,0.061000,0.928000,3.702696
17,301.46,-3.528000,-0.022000,0.923000,3.646806
17,302.93,-3.483000,-0.086000,0.920000,3.603482
17,304.39,-3.422000,-0.161000,0.914000,3.545617
17,305.85,-3.361000,-0.225000,0.903000,3.487457
17,307.32,-3.308000,-0.280000,0.916000,3.443882
17,308.78,-3.230000,-0.352000,0.885000,3.367496
17,310.24,-3.166000,-0.405000,0.896000,3.315177
17,311.71,-3.071000,-0.474000,0.878000,3.229025
17,313.17,-2.996000,-0.528000,0.877000,3.166059
17,314.63,-2.924000,-0.586000,0.858000,3.103117
17,316.10,-2.825000,-0.639000,0.847000,3.017674
17,317.56,-2.746000,-0.688000,0.842000,2.953443
17,319.02,-2.623000,-0.751000,0.819000,2.848665
17,320.49,-2.528000,-0.792000,0.806000,2.769058
17,321.95,-2.444000,-0.842000,0.805000,2.707420
17,323.41,-2.325000,-0.888000,0.796000,2.613003
17,324.88,-2.226000,-0.925000,0.785000,2.535138
17,326.34,-2.090000,-0.974000,0.762000,2.428460
17,327.80,-1.987000,-1.014000,0.742000,2.350942
17,329.27,-1.854000,-1.057000,0.720000,2.252324
17,330.73,-1.740000,-1.088000,0.718000,2.174136
17,332.20,-1.625000,-1.112000,0.699000,2.089443
17,333.66,-1.487000,-1.145000,0.674000,1.994109
17,335.12,-1.369000,-1.181000,0.663000,1.925744
17,336.59,-1.214000,-1.208000,0.640000,1.828294
17,338.05,-1.097000,-1.238000,0.624000,1.767888
17,339.51,-0.967000,-1.249000,0.611000,1.693638
17,340.98,-0.816000,-1.281000,0.590000,1.629392
17,342.44,-0.690000,-1.296000,0.565000,1.573195
17,343.90,-0.525000,-1.320000,0.534000,1.517623
17,345.37,-0.394000,-1.325000,0.528000,1.479745
17,346.83,-0.272000,-1.337000,0.504000,1.454500
17,348.29,-0.102000,-1.348000,0.492000,1.438601
17,349.76,0.029000,-1.360000,0.456000,1.434704
17,351.22,0.196000,-1.361000,0.433000,1.441605
17,352.68,0.340000,-1.360000,0.426000,1.465154
17,354.15,0.482000,-1.366000,0.402000,1.503291
17,355.61,0.622000,-1.361000,0.384000,1.544882
17,357.07,0.767000,-1.353000,0.356000,1.595504
17,358.54,0.936000,-1.347000,0.337000,1.674537
18,0.00,1.072000,-1.338000,0.314000,1.742993
18,1.47,1.217000,-1.323000,0.300000,1.822476
18,2.94,1.350000,-1.314000,0.272000,1.903439
18,4.41,1.482000,-1.299000,0.254000,1.987018
18,5.88,1.679000,-1.286000,0.244000,2.128937
18,7.35,1.659000,-1.270000,0.232000,2.102143
18,8.82,1.625000,-1.260000,0.250000,2.071407
18,10.29,1.631000,-1.263000,0.240000,2.076759
18,11.76,1.615000,-1.272000,0.243000,2.070086
18,13.22,1.624000,-1.268000,0.244000,2.074786
18,14.69,1.624000,-1.271000,0.228000,2.074801
18,16.16,1.624000,-1.268000,0.234000,2.073634
18,17.63,1.621000,-1.273000,0.226000,2.073462
18,19.10,1.625000,-1.270000,0.230000,2.075193
18,20.57,1.627000,-1.270000,0.236000,2.077432
18,22.04,1.621000,-1.271000,0.234000,2.073123
18,23.51,1.620000,-1.266000,0.225000,2.068280
18,24.98,1.626000,-1.274000,0.227000,2.078096
18,26.45,1.625000,-1.271000,0.227000,2.075475
18,27.92,1.627000,-1.271000,0.231000,2.077482
18,29.39,1.623000,-1.266000,0.237000,2.071969
18,30.86,1.621000,-1.264000,0.227000,2.068059
18,32.33,1.628000,-1.263000,0.232000,2.073494
18,33.80,1.624000,-1.267000,0.239000,2.073593
18,35.27,1.623000,-1.269000,0.228000,2.072794
18,36.73,1.620000,-1.268000,0.230000,2.070054
18,38.20,1.625000,-1.265000,0.234000,2.072584
18,39.67,1.623000,-1.265000,0.241000,2.071819
18,41.14,1.625000,-1.270000,0.236000,2.075866
18,42.61,1.628000,-1.268000,0.234000,2.076768
18,44.08,1.624000,-1.265000,0.225000,2.070803
18,45.55,1.620000,-1.269000,0.230000,2.070667
18,47.02,1.618000,-1.272000,0.241000,2.072194
18,48.49,1.626000,-1.268000,0.233000,2.075088
18,49.96,1.626000,-1.261000,0.237000,2.071272
18,51.43,1.625000,-1.267000,0.227000,2.073027
18,52.90,1.625000,-1.264000,0.246000,2.073364
18,54.37,1.622000,-1.272000,0.246000,2.075906
18,55.84,1.625000,-1.268000,0.237000,2.074757
18,57.31,1.614000,-1.281000,0.220000,2.072283
18,58.78,1.618000,-1.268000,0.231000,2.068601
18,60.24,1.623000,-1.268000,0.244000,2.074003
18,61.71,1.603000,-1.258000,0.231000,2.050740
18,63.18,1.591000,-1.242000,0.248000,2.033556
18,64.65,1.556000,-1.201000,0.250000,1.981423
18,66.12,1.547000,-1.184000,0.244000,1.963314
18,67.59,1.542000,-1.177000,0.252000,1.956169
18,69.06,1.530000,-1.174000,0.244000,1.943891
18,70.53,1.535000,-1.172000,0.246000,1.946876
18,72.00,1.533000,-1.178000,0.237000,1.947804
18,73.47,1.536000,-1.173000,0.237000,1.947150
18,74.94,1.537000,-1.177000,0.238000,1.950472
18,76.41,1.543000,-1.177000,0.228000,1.954012
18,77.88,1.542000,-1.174000,0.243000,1.953225
18,79.35,1.541000,-1.178000,0.239000,1.954351
18,80.82,1.539000,-1.175000,0.227000,1.949532
18,82.29,1.542000,-1.172000,0.241000,1.951776
18,83.76,1.540000,-1.174000,0.237000,1.950909
18,85.22,1.542000,-1.174000,0.243000,1.953225
18,86.69,1.544000,-1.170000,0.241000,1.952157
18,88.16,1.541000,-1.179000,0.243000,1.955446
18,89.63,1.540000,-1.178000,0.244000,1.954180
18,91.10,1.542000,-1.178000,0.240000,1.955262
18,92.57,1.543000,-1.174000,0.236000,1.953157
18,94.04,1.586000,-1.202000,0.237000,2.004088
18,95.51,1.768000,-1.162000,0.202000,2.125293
18,96.98,1.800000,-1.137000,0.196000,2.138033
18,98.45,1.776000,-1.140000,0.199000,2.119759
18,99.92,1.782000,-1.143000,0.190000,2.125576
18,101.39,1.796000,-1.135000,0.181000,2.132276
18,102.86,1.920000,-1.131000,0.178000,2.235452
18,104.33,2.141000,-1.090000,0.140000,2.406570
18,105.80,2.284000,-1.048000,0.115000,2.515588
18,107.27,2.396000,-1.026000,0.092000,2.608056
18,108.73,2.529000,-0.997000,0.089000,2.719884
18,110.20,2.631000,-0.957000,0.063000,2.800353
18,111.67,2.719000,-0.932000,0.041000,2.874590
18,113.14,2.839000,-0.897000,0.021000,2.977410
18,114.61,2.940000,-0.864000,0.012000,3.064350
18,116.08,3.060000,-0.831000,-0.008000,3.170840
18,117.55,3.150000,-0.783000,-0.026000,3.245961
18,119.02,3.262000,-0.747000,-0.040000,3.346678
18,120.49,3.363000,-0.705000,-0.045000,3.436396
18,121.96,3.462000,-0.657000,-0.070000,3.524485
18,123.43,3.575000,-0.580000,-0.096000,3.623015
18,124.90,3.672000,-0.544000,-0.115000,3.713859
18,126.37,3.788000,-0.468000,-0.132000,3.819083
18,127.84,3.864000,-0.433000,-0.133000,3.890459
18,129.31,3.959000,-0.372000,-0.169000,3.980028
18,130.78,4.061000,-0.299000,-0.180000,4.075969
18,132.24,4.124000,-0.235000,-0.197000,4.135385
18,133.71,4.210000,-0.163000,-0.219000,4.218842
18,135.18,4.285000,-0.101000,-0.224000,4.292039
18,136.65,4.351000,-0.041000,-0.244000,4.358029
18,138.12,4.437000,0.047000,-0.261000,4.444918
18,139.59,4.497000,0.118000,-0.274000,4.506885
18,141.06,4.549000,0.178000,-0.293000,4.561900
18,142.53,4.603000,0.264000,-0.299000,4.620250
18,144.00,4.655000,0.345000,-0.317000,4.678519
18,145.47,4.705000,0.415000,-0.319000,4.734027
18,146.94,4.735000,0.499000,-0.334000,4.772922
18,148.41,4.776000,0.580000,-0.349000,4.823731
18,149.88,4.798000,0.660000,-0.347000,4.855596
18,151.35,4.825000,0.739000,-0.343000,4.893301
18,152.82,4.835000,0.814000,-0.360000,4.916241
18,154.29,4.856000,0.892000,-0.369000,4.951016
18,155.76,4.864000,0.965000,-0.376000,4.973037
18,157.22,4.861000,1.039000,-0.378000,4.985151
18,158.69,4.853000,1.141000,-0.380000,4.999789
18,160.16,4.849000,1.211000,-0.378000,5.012206
18,161.63,4.832000,1.294000,-0.388000,5.017291
18,163.10,4.810000,1.365000,-0.386000,5.014810
18,164.57,4.775000,1.456000,-0.386000,5.006951
18,166.04,4.756000,1.540000,-0.385000,5.013917
18,167.51,4.719000,1.614000,-0.377000,5.001608
18,168.98,4.681000,1.684000,-0.374000,4.988737
18,170.45,4.633000,1.758000,-0.369000,4.969046
18,171.92,4.566000,1.834000,-0.367000,4.934227
18,173.39,4.515000,1.908000,-0.364000,4.915098
18,174.86,4.451000,1.977000,-0.356000,4.883305
18,176.33,4.380000,2.048000,-0.347000,4.847588
18,177.80,4.314000,2.107000,-0.330000,4.812374
18,179.27,4.224000,2.181000,-0.332000,4.765413
18,180.73,4.143000,2.238000,-0.321000,4.719760
18,182.20,4.064000,2.299000,-0.313000,4.679687
18,183.67,3.965000,2.357000,-0.302000,4.622540
18,185.14,3.879000,2.409000,-0.293000,4.575562
18,186.61,3.765000,2.475000,-0.275000,4.514031
18,188.08,3.668000,2.523000,-0.261000,4.459582
18,189.55,3.562000,2.575000,-0.251000,4.402439
18,191.02,3.462000,2.621000,-0.248000,4.349321
18,192.49,3.344000,2.670000,-0.220000,4.284815
18,193.96,3.199000,2.724000,-0.218000,4.207291
18,195.43,3.095000,2.763000,-0.187000,4.153091
18,196.90,2.979000,2.803000,-0.176000,4.094170
18,198.37,2.854000,2.836000,-0.156000,4.026481
18,199.84,2.711000,2.864000,-0.145000,3.946269
18,201.31,2.565000,2.903000,-0.123000,3.875792
18,202.78,2.445000,2.933000,-0.104000,3.819860
18,204.24,2.292000,2.957000,-0.079000,3.742106
18,205.71,2.161000,2.979000,-0.055000,3.680678
18,207.18,2.027000,2.995000,-0.048000,3.616775
18,208.65,1.852000,3.014000,-0.017000,3.537568
18,210.12,1.714000,3.030000,-0.007000,3.481199
18,211.59,1.570000,3.041000,0.023000,3.422442
18,213.06,1.425000,3.047000,0.037000,3.363956
18,214.53,1.291000,3.058000,0.055000,3.319800
18,216.00,1.148000,3.062000,0.074000,3.270967
18,217.47,0.997000,3.058000,0.108000,3.218235
18,218.94,0.854000,3.057000,0.129000,3.176666
18,220.41,0.708000,3.052000,0.157000,3.136976
18,221.88,0.558000,3.046000,0.172000,3.101462
18,223.35,0.415000,3.039000,0.189000,3.073022
18,224.82,0.264000,3.026000,0.209000,3.044676
18,226.29,0.124000,3.020000,0.238000,3.031900
18,227.76,-0.022000,2.999000,0.259000,3.010244
18,229.22,-0.161000,2.975000,0.280000,2.992482
18,230.69,-0.302000,2.950000,0.293000,2.979858
18,232.16,-0.448000,2.927000,0.328000,2.979197
18,233.63,-0.618000,2.900000,0.348000,2.985469
18,235.10,-0.753000,2.862000,0.365000,2.981825
18,236.57,-0.893000,2.833000,0.398000,2.996955
18,238.04,-1.031000,2.796000,0.422000,3.009761
18,239.51,-1.197000,2.742000,0.445000,3.024797
18,240.98,-1.331000,2.708000,0.471000,3.053959
18,242.45,-1.462000,2.665000,0.485000,3.078132
18,243.92,-1.591000,2.617000,0.502000,3.103542
18,245.39,-1.716000,2.566000,0.522000,3.130734
18,246.86,-1.886000,2.496000,0.549000,3.176226
18,248.33,-2.010000,2.449000,0.581000,3.221065
18,249.80,-2.134000,2.391000,0.584000,3.257590
18,251.27,-2.258000,2.325000,0.610000,3.297922
18,252.73,-2.368000,2.265000,0.628000,3.336470
18,254.20,-2.497000,2.186000,0.649000,3.381539
18,255.67,-2.585000,2.127000,0.677000,3.415360
18,257.14,-2.692000,2.063000,0.681000,3.459277
18,258.61,-2.773000,2.008000,0.701000,3.494709
18,260.08,-2.852000,1.948000,0.723000,3.528645
18,261.55,-2.947000,1.872000,0.725000,3.565784
18,263.02,-3.016000,1.799000,0.749000,3.590774
18,264.49,-3.075000,1.738000,0.763000,3.613646
18,265.96,-3.139000,1.681000,0.762000,3.641391
18,267.43,-3.207000,1.609000,0.789000,3.673724
18,268.90,-3.266000,1.528000,0.799000,3.693229
18,270.37,-3.317000,1.464000,0.804000,3.713785
18,271.84,-3.363000,1.404000,0.819000,3.735204
18,273.31,-3.398000,1.342000,0.823000,3.744956
18,274.78,-3.440000,1.263000,0.834000,3.758234
18,276.24,-3.475000,1.177000,0.847000,3.765417
18,277.71,-3.508000,1.112000,0.858000,3.778726
18,279.18,-3.530000,1.042000,0.844000,3.776109
18,280.65,-3.547000,0.978000,0.853000,3.776943
18,282.12,-3.564000,0.911000,0.846000,3.774617
18,283.59,-3.579000,0.826000,0.874000,3.775631
18,285.06,-3.582000,0.764000,0.869000,3.764250
18,286.53,-3.584000,0.694000,0.879000,3.754908
18,288.00,-3.579000,0.621000,0.883000,3.738258
18,289.47,-3.574000,0.544000,0.891000,3.723344
18,290.94,-3.555000,0.469000,0.877000,3.691492
18,292.41,-3.538000,0.398000,0.887000,3.669144
18,293.88,-3.515000,0.340000,0.898000,3.643793
18,295.35,-3.492000,0.287000,0.891000,3.615289
18,296.82,-3.467000,0.216000,0.896000,3.587417
18,298.29,-3.424000,0.127000,0.874000,3.536069
18,299.76,-3.390000,0.077000,0.878000,3.502701
18,301.22,-3.349000,0.015000,0.879000,3.462465
18,302.69,-3.303000,-0.049000,0.870000,3.416008
18,304.16,-3.250000,-0.116000,0.867000,3.365657
18,305.63,-3.192000,-0.180000,0.863000,3.311500
18,307.10,-3.130000,-0.236000,0.861000,3.254830
18,308.57,-3.055000,-0.303000,0.861000,3.188441
18,310.04,-2.988000,-0.352000,0.845000,3.125072
18,311.51,-2.908000,-0.418000,0.828000,3.052339
18,312.98,-2.841000,-0.467000,0.820000,2.993622
18,314.45,-2.763000,-0.520000,0.816000,2.927529
18,315.92,-2.668000,-0.571000,0.801000,2.843566
18,317.39,-2.586000,-0.626000,0.794000,2.776636
18,318.86,-2.480000,-0.683000,0.780000,2.687990
18,320.33,-2.397000,-0.725000,0.765000,2.618484
18,321.80,-2.284000,-0.777000,0.759000,2.529124
18,323.27,-2.190000,-0.814000,0.746000,2.452593
18,324.73,-2.110000,-0.852000,0.723000,2.387621
18,326.20,-1.963000,-0.901000,0.721000,2.277062
18,327.67,-1.876000,-0.933000,0.697000,2.208093
18,329.14,-1.745000,-0.975000,0.698000,2.117275
18,330.61,-1.639000,-1.000000,0.683000,2.037844
18,332.08,-1.532000,-1.030000,0.669000,1.963539
18,333.55,-1.402000,-1.070000,0.638000,1.875513
18,335.02,-1.282000,-1.087000,0.625000,1.793242
18,336.49,-1.134000,-1.117000,0.626000,1.710415
18,337.96,-1.024000,-1.138000,0.599000,1.643904
18,339.43,-0.872000,-1.166000,0.570000,1.563598
18,340.90,-0.755000,-1.190000,0.560000,1.516484
18,342.37,-0.633000,-1.201000,0.554000,1.466290
18,343.84,-0.478000,-1.217000,0.520000,1.407115
18,345.31,-0.343000,-1.237000,0.503000,1.378705
18,346.78,-0.196000,-1.249000,0.481000,1.352693
18,348.24,-0.061000,-1.253000,0.464000,1.337545
18,349.71,0.063000,-1.259000,0.457000,1.340858
18,351.18,0.234000,-1.259000,0.434000,1.352107
18,352.65,0.367000,-1.264000,0.402000,1.376223
18,354.12,0.502000,-1.260000,0.375000,1.407206
18,355.59,0.631000,-1.262000,0.358000,1.455668
18,357.06,0.756000,-1.263000,0.334000,1.509391
18,358.53,0.929000,-1.249000,0.310000,1.587181
19,0.00,1.062000,-1.242000,0.305000,1.662358
19,1.47,1.196000,-1.227000,0.287000,1.737330
19,2.94,1.321000,-1.212000,0.264000,1.812093
19,4.41,1.440000,-1.204000,0.233000,1.891429
19,5.88,1.614000,-1.189000,0.236000,2.018518
19,7.35,1.667000,-1.182000,0.228000,2.056209
19,8.82,1.652000,-1.182000,0.227000,2.043956
19,10.29,1.661000,-1.181000,0.228000,2.050772
19,11.76,1.658000,-1.171000,0.227000,2.042482
19,13.22,1.654000,-1.178000,0.221000,2.042606
19,14.69,1.655000,-1.177000,0.225000,2.043277
19,16.16,1.651000,-1.174000,0.225000,2.038309
19,17.63,1.659000,-1.180000,0.225000,2.048245
19,19.10,1.655000,-1.177000,0.231000,2.043946
19,20.57,1.656000,-1.187000,0.225000,2.049861
19,22.04,1.650000,-1.186000,0.229000,2.044881
19,23.51,1.655000,-1.181000,0.227000,2.045804
19,24.98,1.655000,-1.177000,0.229000,2.043721
19,26.45,1.658000,-1.180000,0.228000,2.047767
19,27.92,1.654000,-1.178000,0.225000,2.043043
19,29.39,1.658000,-1.176000,0.236000,2.046371
19,30.86,1.660000,-1.179000,0.229000,2.048922
19,32.33,1.660000,-1.186000,0.224000,2.052406
19,33.80,1.660000,-1.172000,0.235000,2.045583
19,35.27,1.662000,-1.171000,0.230000,2.046066
19,36.73,1.657000,-1.177000,0.220000,2.044353
19,38.20,1.654000,-1.173000,0.227000,2.040386
19,39.67,1.661000,-1.176000,0.238000,2.049034
19,41.14,1.655000,-1.181000,0.225000,2.045583
19,42.61,1.667000,-1.180000,0.232000,2.055508
19,44.08,1.657000,-1.174000,0.226000,2.043282
19,45.55,1.660000,-1.175000,0.232000,2.046961
19,47.02,1.659000,-1.174000,0.224000,2.044684
19,48.49,1.659000,-1.178000,0.228000,2.047425
19,49.96,1.659000,-1.173000,0.228000,2.044552
19,51.43,1.662000,-1.178000,0.227000,2.049746
19,52.90,1.658000,-1.179000,0.237000,2.048212
19,54.37,1.662000,-1.173000,0.230000,2.047211
19,55.84,1.657000,-1.175000,0.238000,2.045218
19,57.31,1.658000,-1.173000,0.235000,2.044534
19,58.78,1.653000,-1.178000,0.232000,2.043017
19,60.24,1.654000,-1.177000,0.224000,2.042357
19,61.71,1.655000,-1.177000,0.226000,2.043387
19,63.18,1.626000,-1.159000,0.241000,2.011278
19,64.65,1.601000,-1.133000,0.241000,1.976100
19,66.12,1.574000,-1.113000,0.240000,1.942639
19,67.59,1.569000,-1.097000,0.246000,1.930204
19,69.06,1.555000,-1.097000,0.242000,1.918332
19,70.53,1.563000,-1.099000,0.230000,1.924492
19,72.00,1.565000,-1.099000,0.237000,1.926965
19,73.47,1.559000,-1.092000,0.243000,1.918852
19,74.94,1.556000,-1.099000,0.245000,1.920667
19,76.41,1.561000,-1.095000,0.242000,1.922059
19,77.88,1.563000,-1.093000,0.243000,1.922672
19,79.35,1.563000,-1.094000,0.242000,1.923114
19,80.82,1.559000,-1.097000,0.241000,1.921450
19,82.29,1.557000,-1.093000,0.243000,1.917797
19,83.76,1.561000,-1.096000,0.240000,1.922378
19,85.22,1.558000,-1.095000,0.239000,1.919247
19,86.69,1.560000,-1.099000,0.239000,1.923154
19,88.16,1.561000,-1.098000,0.241000,1.923644
19,89.63,1.565000,-1.102000,0.242000,1.929299
19,91.10,1.561000,-1.102000,0.227000,1.924228
19,92.57,1.553000,-1.094000,0.238000,1.914494
19,94.04,1.540000,-1.078000,0.193000,1.889691
19,95.51,1.727000,-1.077000,0.218000,2.046945
19,96.98,1.765000,-1.074000,0.180000,2.073910
19,98.45,1.776000,-1.058000,0.184000,2.075427
19,99.92,1.779000,-1.061000,0.174000,2.078663
19,101.39,1.784000,-1.056000,0.162000,2.079432
19,102.86,1.889000,-1.045000,0.150000,2.163988
19,104.33,2.084000,-0.997000,0.138000,2.314327
19,105.80,2.224000,-0.967000,0.114000,2.427810
19,107.27,2.351000,-0.935000,0.088000,2.531634
19,108.73,2.445000,-0.906000,0.073000,2.608484
19,110.20,2.565000,-0.883000,0.064000,2.713487
19,111.67,2.649000,-0.854000,0.041000,2.783559
19,113.14,2.748000,-0.817000,0.031000,2.867046
19,114.61,2.880000,-0.779000,0.011000,2.983515
19,116.08,2.968000,-0.753000,-0.004000,3.062033
19,117.55,3.057000,-0.711000,-0.026000,3.138701
19,119.02,3.159000,-0.662000,-0.042000,3.227892
19,120.49,3.255000,-0.619000,-0.056000,3.313808
19,121.96,3.346000,-0.572000,-0.061000,3.395088
19,123.43,3.447000,-0.512000,-0.078000,3.485690
19,124.90,3.529000,-0.479000,-0.094000,3.562600
19,126.37,3.625000,-0.415000,-0.109000,3.650306
19,127.84,3.713000,-0.370000,-0.124000,3.733449
19,129.31,3.791000,-0.322000,-0.144000,3.807375
19,130.78,3.883000,-0.245000,-0.157000,3.893888
19,132.24,3.952000,-0.189000,-0.168000,3.960082
19,133.71,4.042000,-0.125000,-0.191000,4.048440
19,135.18,4.103000,-0.063000,-0.201000,4.108403
19,136.65,4.185000,0.013000,-0.215000,4.190539
19,138.12,4.252000,0.075000,-0.236000,4.259205
19,139.59,4.305000,0.152000,-0.240000,4.314363
19,141.06,4.354000,0.216000,-0.256000,4.366865
19,142.53,4.407000,0.273000,-0.271000,4.423756
19,144.00,4.455000,0.360000,-0.286000,4.478663
19,145.47,4.506000,0.428000,-0.295000,4.535884
19,146.94,4.534000,0.505000,-0.299000,4.571825
19,148.41,4.564000,0.583000,-0.304000,4.611117
19,149.88,4.592000,0.658000,-0.309000,4.649184
19,151.35,4.623000,0.745000,-0.320000,4.693565
19,152.82,4.631000,0.810000,-0.315000,4.711845
19,154.29,4.646000,0.876000,-0.337000,4.739859
19,155.76,4.650000,0.950000,-0.343000,4.758429
19,157.22,4.648000,1.026000,-0.341000,4.772092
19,158.69,4.642000,1.124000,-0.348000,4.788804
19,160.16,4.632000,1.196000,-0.335000,4.795630
19,161.63,4.616000,1.271000,-0.355000,4.800929
19,163.10,4.597000,1.342000,-0.355000,4.802020
19,164.57,4.572000,1.413000,-0.346000,4.797861
19,166.04,4.538000,1.502000,-0.344000,4.792472
19,167.51,4.503000,1.571000,-0.347000,4.781784
19,168.98,4.464000,1.642000,-0.337000,4.768336
19,170.45,4.419000,1.705000,-0.326000,4.747722
19,171.92,4.369000,1.770000,-0.326000,4.725181
19,173.39,4.305000,1.851000,-0.328000,4.697532
19,174.86,4.246000,1.923000,-0.316000,4.671863
19,176.33,4.181000,1.979000,-0.307000,4.635887
19,177.80,4.110000,2.046000,-0.304000,4.601156
19,179.27,4.045000,2.104000,-0.299000,4.569271
19,180.73,3.951000,2.175000,-0.285000,4.519098
19,182.20,3.860000,2.231000,-0.286000,4.467522
19,183.67,3.782000,2.292000,-0.270000,4.430540
19,185.14,3.687000,2.342000,-0.261000,4.375735
19,186.61,3.598000,2.391000,-0.244000,4.326895
19,188.08,3.482000,2.444000,-0.236000,4.260652
19,189.55,3.380000,2.495000,-0.213000,4.206518
19,191.02,3.273000,2.545000,-0.196000,4.150659
19,192.49,3.159000,2.592000,-0.191000,4.090749
19,193.96,3.050000,2.624000,-0.178000,4.027351
19,195.43,2.912000,2.674000,-0.148000,3.956251
19,196.90,2.779000,2.715000,-0.143000,3.887739
19,198.37,2.655000,2.743000,-0.129000,3.819649
19,199.84,2.549000,2.771000,-0.113000,3.766777
19,201.31,2.419000,2.799000,-0.101000,3.700833
19,202.78,2.262000,2.834000,-0.075000,3.626820
19,204.24,2.136000,2.858000,-0.056000,3.568444
19,205.71,2.009000,2.876000,-0.045000,3.508487
19,207.18,1.876000,2.893000,-0.028000,3.448131
19,208.65,1.746000,2.906000,-0.008000,3.390194
19,210.12,1.574000,2.919000,0.023000,3.316409
19,211.59,1.443000,2.933000,0.038000,3.268973
19,213.06,1.305000,2.935000,0.055000,3.212518
19,214.53,1.171000,2.939000,0.078000,3.164656
19,216.00,1.029000,2.946000,0.096000,3.122014
19,217.47,0.892000,2.943000,0.121000,3.077589
19,218.94,0.752000,2.935000,0.128000,3.032509
19,220.41,0.623000,2.935000,0.165000,3.004926
19,221.88,0.477000,2.920000,0.177000,2.963994
19,223.35,0.346000,2.921000,0.207000,2.948696
19,224.82,0.204000,2.905000,0.221000,2.920528
19,226.29,0.067000,2.890000,0.241000,2.900805
19,227.76,-0.068000,2.874000,0.260000,2.886538
19,229.22,-0.199000,2.853000,0.277000,2.873315
19,230.69,-0.336000,2.833000,0.305000,2.869113
19,232.16,-0.468000,2.807000,0.322000,2.863906
19,233.63,-0.597000,2.774000,0.344000,2.858290
19,235.10,-0.747000,2.746000,0.351000,2.867355
19,236.57,-0.875000,2.726000,0.387000,2.889026
19,238.04,-1.013000,2.686000,0.408000,2.899522
19,239.51,-1.140000,2.641000,0.438000,2.909695
19,240.98,-1.254000,2.607000,0.447000,2.927247
19,242.45,-1.414000,2.557000,0.457000,2.957447
19,243.92,-1.546000,2.505000,0.480000,2.982539
19,245.39,-1.663000,2.465000,0.511000,3.017104
19,246.86,-1.778000,2.412000,0.527000,3.042492
19,248.33,-1.890000,2.364000,0.539000,3.074267
19,249.80,-2.042000,2.297000,0.558000,3.123674
19,251.27,-2.173000,2.228000,0.582000,3.166171
19,252.73,-2.277000,2.174000,0.605000,3.205781
19,254.20,-2.371000,2.111000,0.616000,3.233793
19,255.67,-2.453000,2.056000,0.640000,3.264038
19,257.14,-2.568000,1.983000,0.648000,3.308597
19,258.61,-2.640000,1.928000,0.671000,3.337218
19,260.08,-2.727000,1.866000,0.680000,3.373557
19,261.55,-2.789000,1.811000,0.685000,3.395212
19,263.02,-2.857000,1.742000,0.707000,3.420068
19,264.49,-2.940000,1.672000,0.718000,3.457558
19,265.96,-2.993000,1.608000,0.734000,3.475985
19,267.43,-3.043000,1.546000,0.749000,3.494419
19,268.90,-3.105000,1.488000,0.750000,3.523871
19,270.37,-3.155000,1.422000,0.753000,3.541626
19,271.84,-3.200000,1.343000,0.775000,3.555879
19,273.31,-3.243000,1.282000,0.785000,3.574465
19,274.78,-3.277000,1.217000,0.790000,3.583841
19,276.24,-3.312000,1.156000,0.785000,3.594705
19,277.71,-3.328000,1.099000,0.796000,3.594023
19,279.18,-3.355000,1.015000,0.820000,3.599812
19,280.65,-3.379000,0.949000,0.822000,3.604709
19,282.12,-3.387000,0.886000,0.812000,3.593899
19,283.59,-3.405000,0.826000,0.823000,3.599115
19,285.06,-3.400000,0.763000,0.823000,3.580433
19,286.53,-3.395000,0.680000,0.828000,3.560057
19,288.00,-3.396000,0.614000,0.837000,3.551110
19,289.47,-3.397000,0.544000,0.832000,3.539459
19,290.94,-3.383000,0.497000,0.831000,3.518843
19,292.41,-3.368000,0.429000,0.841000,3.497820
19,293.88,-3.346000,0.362000,0.833000,3.467081
19,295.35,-3.320000,0.307000,0.834000,3.436889
19,296.82,-3.293000,0.249000,0.828000,3.404620
19,298.29,-3.273000,0.176000,0.836000,3.382662
19,299.76,-3.231000,0.113000,0.825000,3.336578
19,301.22,-3.185000,0.043000,0.829000,3.291400
19,302.69,-3.138000,-0.011000,0.823000,3.244148
19,304.16,-3.098000,-0.062000,0.811000,3.202994
19,305.63,-3.027000,-0.129000,0.808000,3.135639
19,307.10,-2.983000,-0.188000,0.816000,3.098304
19,308.57,-2.920000,-0.248000,0.804000,3.038802
19,310.04,-2.857000,-0.299000,0.793000,2.980050
19,311.51,-2.790000,-0.350000,0.785000,2.919388
19,312.98,-2.700000,-0.414000,0.774000,2.839097
19,314.45,-2.620000,-0.455000,0.768000,2.767896
19,315.92,-2.528000,-0.506000,0.767000,2.689816
19,317.39,-2.454000,-0.556000,0.759000,2.628181
19,318.86,-2.371000,-0.603000,0.749000,2.558564
19,320.33,-2.269000,-0.650000,0.732000,2.471171
19,321.80,-2.184000,-0.688000,0.729000,2.403048
19,323.27,-2.072000,-0.745000,0.721000,2.316905
19,324.73,-1.982000,-0.785000,0.694000,2.241915
19,326.20,-1.887000,-0.821000,0.692000,2.171100
19,327.67,-1.759000,-0.864000,0.679000,2.074034
19,329.14,-1.662000,-0.892000,0.666000,2.000366
19,330.61,-1.532000,-0.929000,0.646000,1.904568
19,332.08,-1.422000,-0.955000,0.627000,1.824072
19,333.55,-1.326000,-0.985000,0.621000,1.764693
19,335.02,-1.181000,-1.022000,0.601000,1.673453
19,336.49,-1.066000,-1.035000,0.577000,1.593898
19,337.96,-0.926000,-1.071000,0.563000,1.523642
19,339.43,-0.808000,-1.082000,0.545000,1.456232
19,340.90,-0.659000,-1.101000,0.529000,1.387920
19,342.37,-0.542000,-1.117000,0.518000,1.345280
19,343.84,-0.424000,-1.133000,0.494000,1.306714
19,345.31,-0.265000,-1.145000,0.466000,1.264281
19,346.78,-0.144000,-1.158000,0.456000,1.252851
19,348.24,0.003000,-1.169000,0.430000,1.245580
19,349.71,0.136000,-1.171000,0.425000,1.253141
19,351.18,0.259000,-1.169000,0.403000,1.263349
19,352.65,0.389000,-1.180000,0.378000,1.298694
19,354.12,0.526000,-1.175000,0.353000,1.334882
19,355.59,0.668000,-1.170000,0.341000,1.389750
19,357.06,0.797000,-1.170000,0.330000,1.453619
19,358.53,0.928000,-1.155000,0.305000,1.512691
20,0.00,1.047000,-1.140000,0.288000,1.574406
20,1.46,1.175000,-1.143000,0.268000,1.660993
20,2.93,1.331000,-1.123000,0.247000,1.758891
20,4.39,1.440000,-1.108000,0.235000,1.832072
20,5.85,1.568000,-1.100000,0.225000,1.928535
20,7.32,1.615000,-1.092000,0.234000,1.963529
20,8.78,1.540000,-1.074000,0.226000,1.891072
20,10.24,1.549000,-1.078000,0.215000,1.899397
20,11.71,1.555000,-1.074000,0.211000,1.901584
20,13.17,1.567000,-1.075000,0.221000,1.913101
20,14.63,1.562000,-1.075000,0.214000,1.908210
20,16.10,1.561000,-1.076000,0.211000,1.907621
20,17.56,1.562000,-1.070000,0.225000,1.906664
20,19.02,1.562000,-1.079000,0.218000,1.910918
20,20.49,1.560000,-1.076000,0.210000,1.906692
20,21.95,1.559000,-1.071000,0.210000,1.903056
20,23.41,1.559000,-1.076000,0.210000,1.905874
20,24.88,1.560000,-1.076000,0.210000,1.906692
20,26.34,1.562000,-1.076000,0.214000,1.908773
20,27.80,1.561000,-1.076000,0.221000,1.908753
20,29.27,1.561000,-1.077000,0.213000,1.908407
20,30.73,1.557000,-1.075000,0.214000,1.904119
20,32.20,1.556000,-1.069000,0.212000,1.899695
20,33.66,1.559000,-1.069000,0.211000,1.902042
20,35.12,1.557000,-1.075000,0.213000,1.904007
20,36.59,1.552000,-1.072000,0.207000,1.897561
20,38.05,1.560000,-1.074000,0.206000,1.905128
20,39.51,1.560000,-1.069000,0.213000,1.903084
20,40.98,1.559000,-1.068000,0.213000,1.901703
20,42.44,1.560000,-1.074000,0.214000,1.906009
20,43.90,1.557000,-1.077000,0.202000,1.903939
20,45.37,1.562000,-1.070000,0.212000,1.905174
20,46.83,1.561000,-1.076000,0.216000,1.908181
20,48.29,1.563000,-1.072000,0.210000,1.906896
20,49.76,1.556000,-1.075000,0.210000,1.902856
20,51.22,1.556000,-1.076000,0.210000,1.903421
20,52.68,1.551000,-1.078000,0.214000,1.900916
20,54.15,1.558000,-1.075000,0.212000,1.904713
20,55.61,1.560000,-1.073000,0.208000,1.904782
20,57.07,1.562000,-1.068000,0.212000,1.904051
20,58.54,1.560000,-1.075000,0.214000,1.906573
20,60.00,1.561000,-1.075000,0.207000,1.906619
20,61.46,1.556000,-1.072000,0.212000,1.901385
20,62.93,1.521000,-1.062000,0.213000,1.867258
20,64.39,1.503000,-1.042000,0.228000,1.843029
20,65.85,1.475000,-1.022000,0.233000,1.809530
20,67.32,1.449000,-1.002000,0.235000,1.777310
20,68.78,1.441000,-0.994000,0.248000,1.768056
20,70.24,1.434000,-0.998000,0.236000,1.762968
20,71.71,1.428000,-1.003000,0.243000,1.761886
20,73.17,1.422000,-1.004000,0.243000,1.757598
20,74.63,1.435000,-1.004000,0.238000,1.767452
20,76.10,1.438000,-1.004000,0.233000,1.769223
20,77.56,1.439000,-1.001000,0.238000,1.769001
20,79.02,1.431000,-0.998000,0.239000,1.760933
20,80.49,1.439000,-0.995000,0.253000,1.767698
20,81.95,1.436000,-0.994000,0.247000,1.763843
20,83.41,1.434000,-1.002000,0.245000,1.766461
20,84.88,1.434000,-0.999000,0.240000,1.764074
20,86.34,1.429000,-0.996000,0.233000,1.757369
20,87.80,1.435000,-0.995000,0.249000,1.763874
20,89.27,1.434000,-0.997000,0.244000,1.763491
20,90.73,1.435000,-0.992000,0.239000,1.760798
20,92.20,1.433000,-0.996000,0.240000,1.761563
20,93.66,1.422000,-0.974000,0.225000,1.738213
20,95.12,1.459000,-1.027000,0.246000,1.801090
20,96.59,1.627000,-0.997000,0.231000,1.922108
20,98.05,1.638000,-0.982000,0.214000,1.921761
20,99.51,1.629000,-0.985000,0.216000,1.915861
20,100.98,1.653000,-0.989000,0.210000,1.937687
20,102.44,1.730000,-0.972000,0.201000,1.994514
20,103.90,1.861000,-0.952000,0.193000,2.099256
20,105.37,1.941000,-0.934000,0.154000,2.159526
20,106.83,2.035000,-0.909000,0.156000,2.234243
20,108.29,2.140000,-0.898000,0.144000,2.325240
20,109.76,2.244000,-0.869000,0.137000,2.410283
20,111.22,2.364000,-0.846000,0.097000,2.512692
20,112.68,2.469000,-0.811000,0.087000,2.600241
20,114.15,2.562000,-0.783000,0.069000,2.679868
20,115.61,2.650000,-0.756000,0.062000,2.756425
20,117.07,2.733000,-0.725000,0.045000,2.827886
20,118.54,2.851000,-0.687000,0.045000,2.932950
20,120.00,2.937000,-0.660000,0.012000,3.010268
20,121.46,3.017000,-0.619000,0.023000,3.079932
20,122.93,3.097000,-0.576000,-0.002000,3.150109
20,124.39,3.209000,-0.511000,-0.024000,3.249520
20,125.85,3.289000,-0.490000,-0.031000,3.325445
20,127.32,3.372000,-0.448000,-0.051000,3.402012
20,128.78,3.468000,-0.387000,-0.064000,3.490113
20,130.24,3.549000,-0.356000,-0.088000,3.567896
20,131.71,3.641000,-0.287000,-0.109000,3.653920
20,133.17,3.711000,-0.233000,-0.126000,3.720442
20,134.63,3.775000,-0.180000,-0.135000,3.781699
20,136.10,3.863000,-0.106000,-0.149000,3.867325
20,137.56,3.923000,-0.058000,-0.157000,3.926569
20,139.02,3.996000,0.011000,-0.173000,3.999758
20,140.49,4.063000,0.072000,-0.187000,4.067938
20,141.95,4.114000,0.143000,-0.195000,4.121101
20,143.41,4.155000,0.207000,-0.220000,4.165966
20,144.88,4.221000,0.275000,-0.217000,4.235511
20,146.34,4.255000,0.345000,-0.227000,4.274995
20,147.80,4.295000,0.395000,-0.249000,4.320307
20,149.27,4.334000,0.466000,-0.255000,4.366433
20,150.73,4.350000,0.546000,-0.268000,4.392316
20,152.20,4.384000,0.637000,-0.264000,4.437896
20,153.66,4.409000,0.698000,-0.280000,4.472682
20,155.12,4.420000,0.760000,-0.290000,4.494230
20,156.59,4.432000,0.830000,-0.288000,4.518237
20,158.05,4.442000,0.892000,-0.303000,4.540797
20,159.51,4.440000,0.977000,-0.297000,4.555912
20,160.98,4.432000,1.046000,-0.310000,4.564301
20,162.44,4.423000,1.115000,-0.311000,4.571966
20,163.90,4.410000,1.187000,-0.319000,4.578081
20,165.37,4.387000,1.253000,-0.315000,4.573292
20,166.83,4.367000,1.337000,-0.319000,4.578211
20,168.29,4.340000,1.397000,-0.319000,4.570445
20,169.76,4.313000,1.469000,-0.316000,4.567251
20,171.22,4.276000,1.535000,-0.330000,4.555140
20,172.68,4.218000,1.597000,-0.324000,4.521826
20,174.15,4.174000,1.676000,-0.316000,4.509003
20,175.61,4.113000,1.738000,-0.307000,4.475674
20,177.07,4.062000,1.801000,-0.304000,4.453747
20,178.54,4.006000,1.856000,-0.298000,4.425107
20,180.00,3.946000,1.914000,-0.300000,4.395943
20,181.46,3.856000,1.985000,-0.284000,4.346219
20,182.93,3.789000,2.042000,-0.295000,4.314315
20,184.39,3.708000,2.100000,-0.285000,4.270889
20,185.85,3.629000,2.143000,-0.263000,4.222708
20,187.32,3.552000,2.199000,-0.268000,4.186183
20,188.78,3.444000,2.261000,-0.245000,4.127140
20,190.24,3.358000,2.316000,-0.226000,4.085474
20,191.71,3.254000,2.361000,-0.228000,4.026763
20,193.17,3.154000,2.407000,-0.208000,3.972987
20,194.63,3.056000,2.445000,-0.196000,3.918619
20,196.10,2.922000,2.496000,-0.192000,3.847722
20,197.56,2.808000,2.536000,-0.173000,3.787623
20,199.02,2.693000,2.565000,-0.159000,3.722466
20,200.49,2.589000,2.608000,-0.147000,3.677797
20,201.95,2.479000,2.636000,-0.139000,3.621223
20,203.41,2.325000,2.673000,-0.110000,3.544383
20,204.88,2.203000,2.698000,-0.096000,3.484484
20,206.34,2.082000,2.722000,-0.081000,3.427910
20,207.80,1.957000,2.745000,-0.070000,3.371910
20,209.27,1.834000,2.763000,-0.048000,3.316629
20,210.73,1.681000,2.779000,-0.034000,3.248039
20,212.20,1.552000,2.798000,-0.014000,3.199641
20,213.66,1.421000,2.807000,0.005000,3.146191
20,215.12,1.290000,2.814000,0.018000,3.095645
20,216.59,1.156000,2.822000,0.039000,3.049843
20,218.05,1.023000,2.828000,0.049000,3.007742
20,219.51,0.896000,2.831000,0.081000,2.970511
20,220.98,0.761000,2.827000,0.084000,2.928840
20,222.44,0.620000,2.825000,0.099000,2.893929
20,223.90,0.494000,2.823000,0.112000,2.868085
20,225.37,0.357000,2.809000,0.144000,2.835254
20,226.83,0.224000,2.801000,0.156000,2.814270
20,228.29,0.102000,2.791000,0.180000,2.798658
20,229.76,-0.036000,2.771000,0.189000,2.777671
20,231.22,-0.154000,2.752000,0.224000,2.765393
20,232.68,-0.280000,2.743000,0.236000,2.767335
20,234.15,-0.448000,2.714000,0.266000,2.763559
20,235.61,-0.575000,2.686000,0.278000,2.760888
20,237.07,-0.694000,2.666000,0.310000,2.772236
20,238.54,-0.826000,2.635000,0.318000,2.779681
20,240.00,-0.951000,2.601000,0.350000,2.791434
20,241.46,-1.101000,2.569000,0.369000,2.819242
20,242.93,-1.215000,2.528000,0.377000,2.830042
20,244.39,-1.340000,2.488000,0.397000,2.853656
20,245.85,-1.475000,2.441000,0.414000,2.881927
20,247.32,-1.580000,2.404000,0.440000,2.910192
20,248.78,-1.719000,2.341000,0.447000,2.938546
20,250.24,-1.844000,2.289000,0.471000,2.976860
20,251.71,-1.973000,2.236000,0.494000,3.022658
20,253.17,-2.079000,2.182000,0.511000,3.056875
20,254.63,-2.181000,2.120000,0.536000,3.088439
20,256.10,-2.284000,2.060000,0.548000,3.124189
20,257.56,-2.375000,2.006000,0.568000,3.160267
20,259.02,-2.452000,1.950000,0.572000,3.184649
20,260.49,-2.520000,1.894000,0.589000,3.206954
20,261.95,-2.587000,1.847000,0.611000,3.236866
20,263.41,-2.688000,1.774000,0.613000,3.278443
20,264.88,-2.751000,1.715000,0.644000,3.305142
20,266.34,-2.807000,1.656000,0.648000,3.322874
20,267.80,-2.862000,1.597000,0.660000,3.343210
20,269.27,-2.911000,1.543000,0.666000,3.361298
20,270.73,-2.957000,1.470000,0.676000,3.370716
20,272.20,-3.013000,1.405000,0.681000,3.393517
20,273.66,-3.046000,1.353000,0.691000,3.403852
20,275.12,-3.087000,1.282000,0.697000,3.414513
20,276.59,-3.115000,1.224000,0.716000,3.422580
20,278.05,-3.149000,1.154000,0.727000,3.431683
20,279.51,-3.177000,1.088000,0.729000,3.436352
20,280.98,-3.193000,1.032000,0.733000,3.434758
20,282.44,-3.208000,0.977000,0.750000,3.436320
20,283.90,-3.218000,0.915000,0.751000,3.428812
20,285.37,-3.231000,0.836000,0.745000,3.419544
20,286.83,-3.231000,0.781000,0.754000,3.408495
20,288.29,-3.231000,0.726000,0.759000,3.397428
20,289.76,-3.225000,0.661000,0.764000,3.379533
20,291.22,-3.220000,0.601000,0.762000,3.363071
20,292.68,-3.203000,0.522000,0.775000,3.336513
20,294.15,-3.187000,0.468000,0.778000,3.313801
20,295.61,-3.174000,0.419000,0.776000,3.294239
20,297.07,-3.155000,0.362000,0.767000,3.267011
20,298.54,-3.125000,0.311000,0.774000,3.234412
20,300.00,-3.090000,0.235000,0.776000,3.194605
20,301.46,-3.052000,0.175000,0.784000,3.155944
20,302.93,-3.006000,0.123000,0.765000,3.104254
20,304.39,-2.971000,0.069000,0.772000,3.070437
20,305.85,-2.934000,0.018000,0.766000,3.032398
20,307.32,-2.875000,-0.048000,0.767000,2.975940
20,308.78,-2.829000,-0.096000,0.757000,2.930103
20,310.24,-2.781000,-0.147000,0.756000,2.885673
20,311.71,-2.709000,-0.202000,0.741000,2.815771
20,313.17,-2.629000,-0.260000,0.733000,2.741629
20,314.63,-2.557000,-0.312000,0.739000,2.679872
20,316.10,-2.492000,-0.359000,0.727000,2.620587
20,317.56,-2.403000,-0.419000,0.724000,2.544434
20,319.02,-2.335000,-0.456000,0.713000,2.483653
20,320.49,-2.254000,-0.490000,0.693000,2.408498
20,321.95,-2.161000,-0.542000,0.705000,2.336816
20,323.41,-2.069000,-0.586000,0.693000,2.259293
20,324.88,-1.971000,-0.636000,0.676000,2.178603
20,326.34,-1.875000,-0.661000,0.662000,2.095421
20,327.80,-1.791000,-0.708000,0.648000,2.031957
20,329.27,-1.669000,-0.748000,0.633000,1.935395
20,330.73,-1.563000,-0.776000,0.629000,1.854936
20,332.20,-1.446000,-0.807000,0.623000,1.769264
20,333.66,-1.350000,-0.852000,0.603000,1.706462
20,335.12,-1.253000,-0.866000,0.601000,1.637427
20,336.59,-1.123000,-0.902000,0.582000,1.553530
20,338.05,-1.019000,-0.926000,0.563000,1.487550
20,339.51,-0.881000,-0.951000,0.553000,1.409387
20,340.98,-0.773000,-0.963000,0.533000,1.344986
20,342.44,-0.639000,-0.990000,0.525000,1.289979
20,343.90,-0.527000,-1.008000,0.507000,1.245328
20,345.37,-0.414000,-1.021000,0.490000,1.205793
20,346.83,-0.268000,-1.033000,0.466000,1.164504
20,348.29,-0.164000,-1.042000,0.462000,1.151566
20,349.76,-0.020000,-1.049000,0.444000,1.139270
20,351.22,0.104000,-1.054000,0.427000,1.141955
20,352.68,0.221000,-1.064000,0.401000,1.158334
20,354.15,0.343000,-1.068000,0.374000,1.182434
20,355.61,0.491000,-1.062000,0.362000,1.224732
20,357.07,0.608000,-1.068000,0.352000,1.278355
20,358.54,0.728000,-1.060000,0.340000,1.330107
21,0.00,0.837000,-1.057000,0.323000,1.386415
21,1.46,0.952000,-1.053000,0.303000,1.451524
21,2.93,1.114000,-1.042000,0.291000,1.552882
21,4.39,1.220000,-1.035000,0.274000,1.623176
21,5.85,1.332000,-1.023000,0.240000,1.696571
21,7.32,1.414000,-1.012000,0.255000,1.757431
21,8.78,1.369000,-1.013000,0.271000,1.724463
21,10.24,1.359000,-1.012000,0.254000,1.713342
21,11.71,1.355000,-1.014000,0.263000,1.712714
21,13.17,1.356000,-1.009000,0.265000,1.710860
21,14.63,1.354000,-1.015000,0.256000,1.711455
21,16.10,1.357000,-1.010000,0.257000,1.711023
21,17.56,1.356000,-1.009000,0.265000,1.710860
21,19.02,1.365000,-1.004000,0.247000,1.712381
21,20.49,1.360000,-1.017000,0.245000,1.715784
21,21.95,1.352000,-1.012000,0.261000,1.708850
21,23.41,1.361000,-1.013000,0.259000,1.716267
21,24.88,1.365000,-1.012000,0.261000,1.719154
21,26.34,1.355000,-1.011000,0.265000,1.711248
21,27.80,1.357000,-1.013000,0.255000,1.712496
21,29.27,1.363000,-1.011000,0.253000,1.715779
21,30.73,1.357000,-1.018000,0.252000,1.715015
21,32.20,1.357000,-1.009000,0.258000,1.710583
21,33.66,1.361000,-1.012000,0.257000,1.715376
21,35.12,1.359000,-1.007000,0.264000,1.711907
21,36.59,1.361000,-1.016000,0.257000,1.717739
21,38.05,1.358000,-1.014000,0.259000,1.714480
21,39.51,1.359000,-1.013000,0.266000,1.715752
21,40.98,1.358000,-1.014000,0.249000,1.712998
21,42.44,1.359000,-1.017000,0.251000,1.715859
21,43.90,1.360000,-1.012000,0.259000,1.714883
21,45.37,1.360000,-1.010000,0.255000,1.713104
21,46.83,1.360000,-1.012000,0.259000,1.714883
21,48.29,1.359000,-1.014000,0.260000,1.715423
21,49.76,1.367000,-1.007000,0.256000,1.717054
21,51.22,1.364000,-1.010000,0.266000,1.717950
21,52.68,1.357000,-1.012000,0.260000,1.712657
21,54.15,1.359000,-1.017000,0.259000,1.717047
21,55.61,1.356000,-1.006000,0.266000,1.709248
21,57.07,1.351000,-1.014000,0.256000,1.708489
21,58.54,1.355000,-1.017000,0.264000,1.714646
21,60.00,1.353000,-1.018000,0.259000,1.712896
21,61.46,1.354000,-1.016000,0.258000,1.712348
21,62.93,1.331000,-0.994000,0.266000,1.682365
21,64.39,1.314000,-0.975000,0.271000,1.658512
21,65.85,1.300000,-0.960000,0.264000,1.637466
21,67.32,1.282000,-0.948000,0.282000,1.619183
21,68.78,1.276000,-0.941000,0.270000,1.608278
21,70.24,1.279000,-0.945000,0.273000,1.613504
21,71.71,1.286000,-0.940000,0.271000,1.615808
21,73.17,1.283000,-0.939000,0.275000,1.613516
21,74.63,1.272000,-0.940000,0.271000,1.604688
21,76.10,1.285000,-0.943000,0.281000,1.618467
21,77.56,1.282000,-0.940000,0.285000,1.615038
21,79.02,1.288000,-0.938000,0.272000,1.616407
21,80.49,1.283000,-0.943000,0.272000,1.615340
21,81.95,1.285000,-0.946000,0.268000,1.618013
21,83.41,1.278000,-0.941000,0.269000,1.609697
21,84.88,1.286000,-0.946000,0.268000,1.618807
21,86.34,1.282000,-0.936000,0.278000,1.611491
21,87.80,1.287000,-0.943000,0.277000,1.619366
21,89.27,1.280000,-0.940000,0.280000,1.612576
21,90.73,1.287000,-0.943000,0.269000,1.618017
21,92.20,1.282000,-0.940000,0.280000,1.614164
21,93.66,1.281000,-0.933000,0.257000,1.605459
21,95.12,1.420000,-0.939000,0.252000,1.720937
21,96.59,1.478000,-0.930000,0.242000,1.762937
21,98.05,1.468000,-0.931000,0.245000,1.755508
21,99.51,1.456000,-0.924000,0.244000,1.741622
21,100.98,1.470000,-0.917000,0.221000,1.746605
21,102.44,1.470000,-0.913000,0.220000,1.744382
21,103.90,1.583000,-0.916000,0.219000,1.841984
21,105.37,1.777000,-0.891000,0.198000,1.997702
21,106.83,1.909000,-0.857000,0.159000,2.098574
21,108.29,2.011000,-0.841000,0.160000,2.185635
21,109.76,2.104000,-0.812000,0.145000,2.259908
21,111.22,2.226000,-0.786000,0.124000,2.363948
21,112.68,2.319000,-0.762000,0.106000,2.443285
21,114.15,2.418000,-0.738000,0.092000,2.529789
21,115.61,2.520000,-0.706000,0.086000,2.618441
21,117.07,2.615000,-0.678000,0.065000,2.702246
21,118.54,2.691000,-0.641000,0.048000,2.766707
21,120.00,2.781000,-0.610000,0.042000,2.847424
21,121.46,2.887000,-0.579000,0.026000,2.944603
21,122.93,2.971000,-0.530000,0.003000,3.017905
21,124.39,3.050000,-0.490000,-0.002000,3.089111
21,125.85,3.162000,-0.441000,-0.025000,3.192703
21,127.32,3.248000,-0.401000,-0.032000,3.272817
21,128.78,3.340000,-0.350000,-0.058000,3.358789
21,130.24,3.419000,-0.304000,-0.070000,3.433202
21,131.71,3.495000,-0.256000,-0.076000,3.505187
21,133.17,3.567000,-0.191000,-0.100000,3.573509
21,134.63,3.641000,-0.146000,-0.109000,3.645556
21,136.10,3.720000,-0.072000,-0.128000,3.722898
21,137.56,3.779000,-0.025000,-0.126000,3.781183
21,139.02,3.854000,0.049000,-0.151000,3.857268
21,140.49,3.904000,0.103000,-0.163000,3.908759
21,141.95,3.963000,0.173000,-0.185000,3.971086
21,143.41,4.004000,0.230000,-0.182000,4.014728
21,144.88,4.053000,0.284000,-0.193000,4.067519
21,146.34,4.092000,0.364000,-0.212000,4.113624
21,147.80,4.131000,0.412000,-0.230000,4.157861
21,149.27,4.165000,0.483000,-0.229000,4.199161
21,150.73,4.189000,0.549000,-0.235000,4.231353
21,152.20,4.213000,0.621000,-0.248000,4.265737
21,153.66,4.228000,0.692000,-0.262000,4.292260
21,155.12,4.246000,0.755000,-0.254000,4.320076
21,156.59,4.255000,0.812000,-0.268000,4.340068
21,158.05,4.254000,0.881000,-0.265000,4.352344
21,159.51,4.256000,0.942000,-0.275000,4.367668
21,160.98,4.258000,1.020000,-0.279000,4.387346
21,162.44,4.242000,1.088000,-0.286000,4.388634
21,163.90,4.218000,1.155000,-0.284000,4.382488
21,165.37,4.207000,1.221000,-0.293000,4.390392
21,166.83,4.189000,1.280000,-0.297000,4.390254
21,168.29,4.151000,1.356000,-0.302000,4.377298
21,169.76,4.121000,1.425000,-0.292000,4.370186
21,171.22,4.091000,1.485000,-0.295000,4.362170
21,172.68,4.050000,1.545000,-0.300000,4.345058
21,174.15,4.004000,1.606000,-0.294000,4.324082
21,175.61,3.945000,1.679000,-0.290000,4.297228
21,177.07,3.885000,1.747000,-0.287000,4.269380
21,178.54,3.829000,1.800000,-0.286000,4.240641
21,180.00,3.766000,1.852000,-0.284000,4.206342
21,181.46,3.708000,1.905000,-0.284000,4.178390
21,182.93,3.618000,1.976000,-0.270000,4.131271
21,184.39,3.545000,2.032000,-0.257000,4.094154
21,185.85,3.469000,2.078000,-0.251000,4.051549
21,187.32,3.394000,2.132000,-0.250000,4.015864
21,188.78,3.297000,2.165000,-0.237000,3.951405
21,190.24,3.197000,2.232000,-0.231000,3.905892
21,191.71,3.102000,2.280000,-0.221000,3.856118
21,193.17,3.001000,2.323000,-0.218000,3.801296
21,194.63,2.916000,2.365000,-0.203000,3.759985
21,196.10,2.803000,2.401000,-0.187000,3.695481
21,197.56,2.682000,2.438000,-0.174000,3.628670
21,199.02,2.580000,2.481000,-0.161000,3.582971
21,200.49,2.460000,2.508000,-0.152000,3.516357
21,201.95,2.352000,2.539000,-0.150000,3.464235
21,203.41,2.245000,2.565000,-0.119000,3.410779
21,204.88,2.101000,2.602000,-0.109000,3.346115
21,206.34,1.989000,2.619000,-0.095000,3.290031
21,207.80,1.865000,2.641000,-0.082000,3.234166
21,209.27,1.754000,2.657000,-0.063000,3.184358
21,210.73,1.634000,2.671000,-0.052000,3.131597
21,212.20,1.489000,2.695000,-0.034000,3.079172
21,213.66,1.374000,2.707000,-0.020000,3.035807
21,215.12,1.248000,2.718000,-0.015000,2.990862
21,216.59,1.123000,2.720000,0.011000,2.942728
21,218.05,1.000000,2.723000,0.035000,2.901026
21,219.51,0.870000,2.732000,0.048000,2.867582
21,220.98,0.746000,2.730000,0.069000,2.830932
21,222.44,0.623000,2.729000,0.075000,2.800213
21,223.90,0.501000,2.725000,0.100000,2.772477
21,225.37,0.375000,2.714000,0.105000,2.741796
21,226.83,0.250000,2.713000,0.132000,2.727690
21,228.29,0.123000,2.697000,0.154000,2.704192
21,229.76,-0.002000,2.692000,0.165000,2.697053
21,231.22,-0.115000,2.668000,0.189000,2.677157
21,232.68,-0.265000,2.657000,0.206000,2.678117
21,234.15,-0.383000,2.639000,0.227000,2.676292
21,235.61,-0.505000,2.612000,0.239000,2.671084
21,237.07,-0.620000,2.595000,0.254000,2.680101
21,238.54,-0.748000,2.560000,0.283000,2.682013
21,240.00,-0.892000,2.528000,0.297000,2.697157
21,241.46,-1.009000,2.497000,0.320000,2.712101
21,242.93,-1.121000,2.462000,0.335000,2.725859
21,244.39,-1.244000,2.423000,0.350000,2.746082
21,245.85,-1.363000,2.384000,0.378000,2.772023
21,247.32,-1.503000,2.336000,0.383000,2.804032
21,248.78,-1.608000,2.294000,0.407000,2.830857
21,250.24,-1.724000,2.252000,0.428000,2.868251
21,251.71,-1.844000,2.196000,0.450000,2.902628
21,253.17,-1.944000,2.142000,0.469000,2.930403
21,254.63,-2.070000,2.068000,0.480000,2.965118
21,256.10,-2.155000,2.030000,0.503000,3.002988
21,257.56,-2.241000,1.974000,0.515000,3.030509
21,259.02,-2.316000,1.925000,0.538000,3.059236
21,260.49,-2.383000,1.868000,0.532000,3.074270
21,261.95,-2.470000,1.807000,0.562000,3.111590
21,263.41,-2.532000,1.755000,0.563000,3.131776
21,264.88,-2.588000,1.706000,0.585000,3.154426
21,266.34,-2.651000,1.649000,0.592000,3.177651
21,267.80,-2.718000,1.594000,0.604000,3.208298
21,269.27,-2.775000,1.523000,0.621000,3.225801
21,270.73,-2.822000,1.471000,0.634000,3.244916
21,272.20,-2.864000,1.410000,0.621000,3.252113
21,273.66,-2.897000,1.353000,0.643000,3.261390
21,275.12,-2.937000,1.298000,0.650000,3.276167
21,276.59,-2.972000,1.228000,0.652000,3.281139
21,278.05,-2.984000,1.176000,0.672000,3.277013
21,279.51,-3.012000,1.107000,0.677000,3.279622
21,280.98,-3.044000,1.053000,0.693000,3.294692
21,282.44,-3.051000,1.003000,0.686000,3.284084
21,283.90,-3.072000,0.930000,0.695000,3.284069
21,285.37,-3.079000,0.872000,0.702000,3.276191
21,286.83,-3.081000,0.815000,0.713000,3.265755
21,288.29,-3.085000,0.757000,0.707000,3.254247
21,289.76,-3.074000,0.695000,0.711000,3.230793
21,291.22,-3.067000,0.627000,0.710000,3.209940
21,292.68,-3.057000,0.574000,0.729000,3.194709
21,294.15,-3.036000,0.503000,0.731000,3.163015
21,295.61,-3.023000,0.464000,0.726000,3.143390
21,297.07,-3.005000,0.401000,0.716000,3.115041
21,298.54,-2.971000,0.338000,0.725000,3.076802
21,300.00,-2.942000,0.290000,0.724000,3.043623
21,301.46,-2.920000,0.225000,0.722000,3.016340
21,302.93,-2.874000,0.181000,0.727000,2.970045
21,304.39,-2.839000,0.121000,0.733000,2.934596
21,305.85,-2.781000,0.056000,0.730000,2.875760
21,307.32,-2.742000,0.002000,0.715000,2.833689
21,308.78,-2.691000,-0.042000,0.718000,2.785457
21,310.24,-2.632000,-0.094000,0.713000,2.728485
21,311.71,-2.553000,-0.148000,0.713000,2.654822
21,313.17,-2.492000,-0.194000,0.707000,2.597604
21,314.63,-2.428000,-0.266000,0.703000,2.541682
21,316.10,-2.366000,-0.307000,0.687000,2.482775
21,317.56,-2.274000,-0.349000,0.684000,2.400153
21,319.02,-2.204000,-0.391000,0.673000,2.337397
21,320.49,-2.127000,-0.427000,0.677000,2.272617
21,321.95,-2.037000,-0.469000,0.670000,2.195047
21,323.41,-1.953000,-0.510000,0.653000,2.121490
21,324.88,-1.856000,-0.554000,0.638000,2.039288
21,326.34,-1.767000,-0.582000,0.636000,1.966090
21,327.80,-1.680000,-0.621000,0.618000,1.894720
21,329.27,-1.568000,-0.664000,0.608000,1.808088
21,330.73,-1.484000,-0.697000,0.597000,1.744842
21,332.20,-1.366000,-0.733000,0.587000,1.657653
21,333.66,-1.267000,-0.756000,0.576000,1.583856
21,335.12,-1.179000,-0.788000,0.571000,1.528733
21,336.59,-1.051000,-0.811000,0.555000,1.438870
21,338.05,-0.946000,-0.833000,0.545000,1.373255
21,339.51,-0.822000,-0.857000,0.535000,1.302443
21,340.98,-0.721000,-0.887000,0.513000,1.252908
21,342.44,-0.591000,-0.913000,0.502000,1.197854
21,343.90,-0.482000,-0.924000,0.483000,1.148647
21,345.37,-0.377000,-0.937000,0.472000,1.114846
21,346.83,-0.241000,-0.946000,0.468000,1.082599
21,348.29,-0.139000,-0.953000,0.449000,1.062606
21,349.76,0.003000,-0.968000,0.433000,1.060435
21,351.22,0.121000,-0.979000,0.420000,1.072139
21,352.68,0.223000,-0.981000,0.397000,1.081526
21,354.15,0.343000,-0.984000,0.380000,1.109191
21,355.61,0.450000,-0.987000,0.371000,1.146434
21,357.07,0.591000,-0.992000,0.344000,1.204857
21,358.54,0.715000,-0.984000,0.336000,1.261894
22,0.00,0.822000,-0.978000,0.314000,1.315585
22,1.46,0.932000,-0.980000,0.294000,1.384001
22,2.93,1.045000,-0.969000,0.298000,1.455950
22,4.39,1.179000,-0.960000,0.278000,1.545615
22,5.85,1.299000,-0.951000,0.277000,1.633564
22,7.32,1.324000,-0.939000,0.259000,1.643709
22,8.78,1.283000,-0.934000,0.274000,1.610441
22,10.24,1.285000,-0.941000,0.267000,1.614929
22,11.71,1.283000,-0.934000,0.267000,1.609265
22,13.17,1.274000,-0.937000,0.277000,1.605545
22,14.63,1.282000,-0.943000,0.272000,1.614545
22,16.10,1.291000,-0.945000,0.264000,1.621543
22,17.56,1.282000,-0.935000,0.271000,1.609717
22,19.02,1.288000,-0.934000,0.276000,1.614768
22,20.49,1.283000,-0.932000,0.274000,1.609282
22,21.95,1.287000,-0.934000,0.261000,1.611473
22,23.41,1.282000,-0.932000,0.274000,1.608485
22,24.88,1.287000,-0.933000,0.271000,1.612544
22,26.34,1.283000,-0.936000,0.266000,1.610261
22,27.80,1.290000,-0.938000,0.269000,1.617500
22,29.27,1.289000,-0.937000,0.266000,1.615626
22,30.73,1.285000,-0.938000,0.264000,1.612689
22,32.20,1.292000,-0.933000,0.263000,1.615216
22,33.66,1.286000,-0.930000,0.275000,1.610690
22,35.12,1.286000,-0.933000,0.258000,1.609611
22,36.59,1.287000,-0.932000,0.270000,1.611798
22,38.05,1.281000,-0.935000,0.270000,1.608753
22,39.51,1.285000,-0.937000,0.269000,1.612934
22,40.98,1.281000,-0.936000,0.263000,1.608175
22,42.44,1.284000,-0.937000,0.253000,1.609545
22,43.90,1.287000,-0.934000,0.254000,1.610354
22,45.37,1.281000,-0.935000,0.260000,1.607105
22,46.83,1.280000,-0.940000,0.265000,1.610039
22,48.29,1.284000,-0.934000,0.264000,1.609568
22,49.76,1.286000,-0.937000,0.265000,1.613069
22,51.22,1.288000,-0.934000,0.263000,1.612597
22,52.68,1.287000,-0.935000,0.267000,1.613035
22,54.15,1.286000,-0.934000,0.262000,1.610837
22,55.61,1.284000,-0.935000,0.264000,1.610148
22,57.07,1.282000,-0.937000,0.270000,1.610712
22,58.54,1.275000,-0.945000,0.254000,1.607223
22,60.00,1.278000,-0.940000,0.259000,1.607472
22,61.46,1.282000,-0.941000,0.272000,1.613378
22,62.93,1.273000,-0.934000,0.257000,1.599667
22,64.39,1.260000,-0.914000,0.268000,1.579500
22,65.85,1.246000,-0.894000,0.263000,1.555931
22,67.32,1.249000,-0.887000,0.254000,1.552832
22,68.78,1.230000,-0.871000,0.257000,1.528918
22,70.24,1.227000,-0.863000,0.264000,1.523153
22,71.71,1.227000,-0.877000,0.257000,1.529937
22,73.17,1.228000,-0.870000,0.260000,1.527247
22,74.63,1.221000,-0.872000,0.265000,1.523631
22,76.10,1.225000,-0.870000,0.257000,1.524327
22,77.56,1.232000,-0.870000,0.264000,1.531150
22,79.02,1.232000,-0.870000,0.261000,1.530635
22,80.49,1.231000,-0.874000,0.259000,1.531770
22,81.95,1.230000,-0.877000,0.249000,1.531023
22,83.41,1.221000,-0.877000,0.262000,1.525980
22,84.88,1.225000,-0.872000,0.254000,1.524967
22,86.34,1.225000,-0.869000,0.257000,1.523757
22,87.80,1.225000,-0.873000,0.249000,1.524715
22,89.27,1.225000,-0.871000,0.270000,1.527143
22,90.73,1.224000,-0.873000,0.263000,1.526261
22,92.20,1.230000,-0.868000,0.263000,1.528232
22,93.66,1.233000,-0.871000,0.257000,1.531332
22,95.12,1.233000,-0.865000,0.222000,1.522432
22,96.59,1.567000,-0.862000,0.256000,1.806673
22,98.05,1.620000,-0.811000,0.195000,1.822127
22,99.51,1.575000,-0.823000,0.222000,1.790876
22,100.98,1.565000,-0.814000,0.210000,1.776491
22,102.44,1.567000,-0.810000,0.194000,1.774606
22,103.90,1.581000,-0.830000,0.205000,1.797355
22,105.37,1.771000,-0.805000,0.169000,1.952697
22,106.83,1.870000,-0.774000,0.169000,2.030896
22,108.29,1.938000,-0.774000,0.156000,2.092667
22,109.76,2.028000,-0.752000,0.134000,2.167082
22,111.22,2.113000,-0.730000,0.120000,2.238765
22,112.68,2.212000,-0.706000,0.105000,2.324307
22,114.15,2.310000,-0.683000,0.091000,2.410575
22,115.61,2.397000,-0.654000,0.083000,2.486004
22,117.07,2.482000,-0.634000,0.069000,2.562624
22,118.54,2.570000,-0.592000,0.059000,2.637962
22,120.00,2.654000,-0.560000,0.043000,2.712778
22,121.46,2.746000,-0.520000,0.050000,2.795249
22,122.93,2.842000,-0.484000,0.029000,2.883065
22,124.39,2.928000,-0.447000,0.009000,2.961938
22,125.85,3.000000,-0.419000,-0.003000,3.029120
22,127.32,3.095000,-0.378000,-0.019000,3.118055
22,128.78,3.163000,-0.332000,-0.030000,3.180518
22,130.24,3.263000,-0.286000,-0.038000,3.275730
22,131.71,3.330000,-0.247000,-0.058000,3.339652
22,133.17,3.392000,-0.191000,-0.070000,3.398094
22,134.63,3.465000,-0.138000,-0.087000,3.468838
22,136.10,3.544000,-0.089000,-0.107000,3.546732
22,137.56,3.615000,-0.019000,-0.110000,3.616723
22,139.02,3.669000,0.023000,-0.122000,3.671100
22,140.49,3.731000,0.083000,-0.137000,3.734437
22,141.95,3.773000,0.136000,-0.144000,3.778195
22,143.41,3.829000,0.210000,-0.164000,3.838260
22,144.88,3.866000,0.263000,-0.165000,3.878447
22,146.34,3.910000,0.324000,-0.177000,3.927392
22,147.80,3.947000,0.381000,-0.197000,3.970237
22,149.27,3.985000,0.447000,-0.197000,4.014828
22,150.73,4.014000,0.517000,-0.208000,4.052499
22,152.20,4.033000,0.581000,-0.210000,4.080043
22,153.66,4.053000,0.648000,-0.228000,4.110802
22,155.12,4.067000,0.702000,-0.235000,4.133826
22,156.59,4.084000,0.773000,-0.236000,4.163206
22,158.05,4.087000,0.842000,-0.246000,4.180078
22,159.51,4.089000,0.902000,-0.252000,4.194881
22,160.98,4.088000,0.966000,-0.247000,4.207839
22,162.44,4.083000,1.029000,-0.256000,4.218444
22,163.90,4.062000,1.105000,-0.261000,4.217700
22,165.37,4.047000,1.170000,-0.275000,4.221698
22,166.83,4.028000,1.227000,-0.268000,4.219258
22,168.29,4.001000,1.294000,-0.254000,4.212713
22,169.76,3.976000,1.361000,-0.261000,4.210584
22,171.22,3.932000,1.437000,-0.265000,4.194737
22,172.68,3.892000,1.491000,-0.267000,4.176366
22,174.15,3.851000,1.551000,-0.257000,4.159549
22,175.61,3.802000,1.609000,-0.268000,4.137138
22,177.07,3.754000,1.670000,-0.264000,4.117173
22,178.54,3.690000,1.741000,-0.258000,4.088245
22,180.00,3.624000,1.797000,-0.254000,4.053036
22,181.46,3.557000,1.854000,-0.246000,4.018716
22,182.93,3.491000,1.902000,-0.243000,3.982930
22,184.39,3.418000,1.950000,-0.230000,3.941843
22,185.85,3.334000,2.014000,-0.222000,3.901415
22,187.32,3.254000,2.062000,-0.227000,3.859001
22,188.78,3.177000,2.106000,-0.215000,3.817694
22,190.24,3.091000,2.154000,-0.207000,3.773175
22,191.71,2.999000,2.192000,-0.195000,3.719797
22,193.17,2.884000,2.248000,-0.182000,3.661159
22,194.63,2.775000,2.283000,-0.178000,3.597832
22,196.10,2.688000,2.323000,-0.168000,3.556669
22,197.56,2.589000,2.356000,-0.159000,3.504132
22,199.02,2.493000,2.392000,-0.151000,3.458253
22,200.49,2.362000,2.436000,-0.139000,3.395948
22,201.95,2.254000,2.457000,-0.123000,3.336539
22,203.41,2.151000,2.484000,-0.100000,3.287409
22,204.88,2.040000,2.509000,-0.085000,3.234796
22,206.34,1.932000,2.529000,-0.070000,3.183295
22,207.80,1.796000,2.550000,-0.063000,3.119629
22,209.27,1.695000,2.566000,-0.050000,3.075692
22,210.73,1.572000,2.587000,-0.031000,3.027328
22,212.20,1.468000,2.606000,-0.019000,2.991090
22,213.66,1.353000,2.616000,-0.010000,2.945194
22,215.12,1.205000,2.625000,0.011000,2.888386
22,216.59,1.090000,2.633000,0.014000,2.849734
22,218.05,0.966000,2.637000,0.053000,2.808867
22,219.51,0.851000,2.640000,0.057000,2.774356
22,220.98,0.733000,2.645000,0.077000,2.745768
22,222.44,0.612000,2.645000,0.089000,2.716338
22,223.90,0.499000,2.640000,0.106000,2.688836
22,225.37,0.386000,2.637000,0.114000,2.667538
22,226.83,0.253000,2.623000,0.132000,2.638477
22,228.29,0.140000,2.621000,0.150000,2.629019
22,229.76,0.014000,2.609000,0.173000,2.614767
22,231.22,-0.058000,2.599000,0.183000,2.606080
22,232.68,-0.209000,2.580000,0.209000,2.596875
22,234.15,-0.325000,2.555000,0.220000,2.584966
22,235.61,-0.438000,2.539000,0.227000,2.586483
22,237.07,-0.540000,2.526000,0.245000,2.594668
22,238.54,-0.695000,2.488000,0.271000,2.597424
22,240.00,-0.806000,2.463000,0.299000,2.608717
22,241.46,-0.910000,2.442000,0.310000,2.624417
22,242.93,-1.021000,2.410000,0.317000,2.636481
22,244.39,-1.140000,2.375000,0.329000,2.654895
22,245.85,-1.279000,2.332000,0.358000,2.683697
22,247.32,-1.388000,2.296000,0.376000,2.709158
22,248.78,-1.481000,2.259000,0.388000,2.728917
22,250.24,-1.597000,2.216000,0.395000,2.759908
22,251.71,-1.697000,2.167000,0.410000,2.782768
22,253.17,-1.828000,2.107000,0.437000,2.823473
22,254.63,-1.910000,2.055000,0.450000,2.841413
22,256.10,-2.003000,2.004000,0.465000,2.871280
22,257.56,-2.098000,1.959000,0.483000,2.910769
22,259.02,-2.171000,1.912000,0.493000,2.934627
22,260.49,-2.246000,1.849000,0.516000,2.954585
22,261.95,-2.309000,1.802000,0.536000,2.977580
22,263.41,-2.377000,1.758000,0.535000,3.004483
22,264.88,-2.431000,1.713000,0.552000,3.024704
22,266.34,-2.484000,1.663000,0.564000,3.042026
22,267.80,-2.541000,1.594000,0.566000,3.052519
22,269.27,-2.596000,1.548000,0.587000,3.078975
22,270.73,-2.643000,1.493000,0.585000,3.091395
22,272.20,-2.698000,1.438000,0.597000,3.115037
22,273.66,-2.741000,1.385000,0.608000,3.130650
22,275.12,-2.779000,1.307000,0.615000,3.131983
22,276.59,-2.804000,1.263000,0.621000,3.137392
22,278.05,-2.832000,1.206000,0.631000,3.142105
22,279.51,-2.858000,1.153000,0.637000,3.146958
22,280.98,-2.879000,1.100000,0.651000,3.149991
22,282.44,-2.901000,1.029000,0.649000,3.145766
22,283.90,-2.906000,0.975000,0.647000,3.132742
22,285.37,-2.925000,0.921000,0.666000,3.138060
22,286.83,-2.925000,0.865000,0.673000,3.123584
22,288.29,-2.937000,0.808000,0.673000,3.119577
22,289.76,-2.923000,0.751000,0.692000,3.096255
22,291.22,-2.917000,0.703000,0.677000,3.075943
22,292.68,-2.913000,0.639000,0.689000,3.060819
22,294.15,-2.894000,0.579000,0.695000,3.032079
22,295.61,-2.885000,0.532000,0.688000,3.013236
22,297.07,-2.873000,0.462000,0.697000,2.992220
22,298.54,-2.847000,0.421000,0.689000,2.959286
22,300.00,-2.827000,0.364000,0.692000,2.933136
22,301.46,-2.797000,0.304000,0.693000,2.897563
22,302.93,-2.766000,0.266000,0.692000,2.863630
22,304.39,-2.732000,0.198000,0.691000,2.824979
22,305.85,-2.675000,0.152000,0.700000,2.769247
22,307.32,-2.626000,0.091000,0.691000,2.716917
22,308.78,-2.585000,0.043000,0.686000,2.674821
22,310.24,-2.534000,-0.002000,0.682000,2.624173
22,311.71,-2.469000,-0.055000,0.676000,2.560461
22,313.17,-2.419000,-0.099000,0.675000,2.513362
22,314.63,-2.349000,-0.161000,0.670000,2.447983
22,316.10,-2.289000,-0.200000,0.664000,2.391739
22,317.56,-2.223000,-0.246000,0.677000,2.336787
22,319.02,-2.140000,-0.306000,0.660000,2.260273
22,320.49,-2.073000,-0.349000,0.656000,2.202150
22,321.95,-1.989000,-0.392000,0.650000,2.128916
22,323.41,-1.911000,-0.433000,0.630000,2.058230
22,324.88,-1.814000,-0.476000,0.627000,1.977448
22,326.34,-1.729000,-0.505000,0.610000,1.901727
22,327.80,-1.648000,-0.547000,0.603000,1.838130
22,329.27,-1.549000,-0.578000,0.600000,1.758831
22,330.73,-1.462000,-0.603000,0.596000,1.690050
22,332.20,-1.344000,-0.637000,0.589000,1.599696
22,333.66,-1.260000,-0.677000,0.564000,1.537539
22,335.12,-1.164000,-0.700000,0.568000,1.472250
22,336.59,-1.047000,-0.724000,0.540000,1.382745
22,338.05,-0.954000,-0.754000,0.542000,1.331314
22,339.51,-0.843000,-0.778000,0.524000,1.261154
22,340.98,-0.737000,-0.799000,0.509000,1.200271
22,342.44,-0.636000,-0.817000,0.505000,1.151959
22,343.90,-0.509000,-0.836000,0.486000,1.092782
22,345.37,-0.404000,-0.859000,0.468000,1.058358
22,346.83,-0.279000,-0.866000,0.454000,1.016815
22,348.29,-0.174000,-0.882000,0.442000,1.001780
22,349.76,-0.041000,-0.892000,0.429000,0.990649
22,351.22,0.066000,-0.905000,0.420000,0.999890
22,352.68,0.177000,-0.908000,0.393000,1.005108
22,354.15,0.289000,-0.913000,0.394000,1.035532
22,355.61,0.425000,-0.920000,0.368000,1.078169
22,357.07,0.544000,-0.913000,0.352000,1.119558
22,358.54,0.652000,-0.914000,0.339000,1.172783
23,0.00,0.761000,-0.916000,0.325000,1.234424
23,1.46,0.867000,-0.908000,0.307000,1.292440
23,2.93,1.003000,-0.905000,0.290000,1.381714
23,4.39,1.110000,-0.895000,0.275000,1.452154
23,5.85,1.227000,-0.898000,0.271000,1.544466
23,7.32,1.243000,-0.891000,0.277000,1.554239
23,8.78,1.180000,-0.879000,0.279000,1.497625
23,10.24,1.205000,-0.877000,0.268000,1.514258
23,11.71,1.205000,-0.881000,0.280000,1.518745
23,13.17,1.205000,-0.877000,0.280000,1.516428
23,14.63,1.215000,-0.873000,0.266000,1.519576
23,16.10,1.213000,-0.877000,0.276000,1.522062
23,17.56,1.205000,-0.882000,0.286000,1.520442
23,19.02,1.212000,-0.881000,0.277000,1.523757
23,20.49,1.207000,-0.882000,0.270000,1.519103
23,21.95,1.203000,-0.886000,0.270000,1.518257
23,23.41,1.210000,-0.883000,0.274000,1.522782
23,24.88,1.213000,-0.877000,0.266000,1.520281
23,26.34,1.206000,-0.879000,0.274000,1.517285
23,27.80,1.209000,-0.877000,0.275000,1.518695
23,29.27,1.207000,-0.880000,0.278000,1.519386
23,30.73,1.209000,-0.881000,0.273000,1.520648
23,32.20,1.200000,-0.883000,0.268000,1.513774
23,33.66,1.205000,-0.881000,0.276000,1.518013
23,35.12,1.205000,-0.878000,0.281000,1.517191
23,36.59,1.213000,-0.884000,0.273000,1.525567
23,38.05,1.209000,-0.881000,0.272000,1.520469
23,39.51,1.201000,-0.886000,0.280000,1.518485
23,40.98,1.210000,-0.878000,0.269000,1.518995
23,42.44,1.210000,-0.882000,0.277000,1.522745
23,43.90,1.211000,-0.882000,0.272000,1.522639
23,45.37,1.209000,-0.882000,0.271000,1.520870
23,46.83,1.212000,-0.884000,0.266000,1.523534
23,48.29,1.210000,-0.879000,0.277000,1.521010
23,49.76,1.209000,-0.881000,0.274000,1.520828
23,51.22,1.211000,-0.881000,0.283000,1.524064
23,52.68,1.204000,-0.878000,0.271000,1.514576
23,54.15,1.209000,-0.886000,0.274000,1.523730
23,55.61,1.220000,-0.884000,0.274000,1.531317
23,57.07,1.208000,-0.885000,0.266000,1.520936
23,58.54,1.205000,-0.879000,0.278000,1.517218
23,60.00,1.202000,-0.881000,0.273000,1.515089
23,61.46,1.209000,-0.882000,0.270000,1.520692
23,62.93,1.174000,-0.869000,0.278000,1.486849
23,64.39,1.152000,-0.849000,0.289000,1.459940
23,65.85,1.139000,-0.825000,0.275000,1.433029
23,67.32,1.145000,-0.817000,0.285000,1.435179
23,68.78,1.141000,-0.805000,0.274000,1.423019
23,70.24,1.135000,-0.812000,0.275000,1.422390
23,71.71,1.142000,-0.812000,0.270000,1.427028
23,73.17,1.135000,-0.809000,0.279000,1.421459
23,74.63,1.133000,-0.810000,0.282000,1.421025
23,76.10,1.137000,-0.810000,0.274000,1.422654
23,77.56,1.137000,-0.808000,0.286000,1.423878
23,79.02,1.144000,-0.816000,0.273000,1.431475
23,80.49,1.129000,-0.812000,0.284000,1.419380
23,81.95,1.139000,-0.810000,0.271000,1.423679
23,83.41,1.138000,-0.807000,0.273000,1.421556
23,84.88,1.132000,-0.808000,0.283000,1.419287
23,86.34,1.131000,-0.817000,0.273000,1.421682
23,87.80,1.133000,-0.808000,0.278000,1.419097
23,89.27,1.139000,-0.807000,0.276000,1.422936
23,90.73,1.133000,-0.809000,0.279000,1.419863
23,92.20,1.134000,-0.809000,0.265000,1.417978
23,93.66,1.166000,-0.828000,0.277000,1.456664
23,95.12,1.316000,-0.804000,0.254000,1.562942
23,96.59,1.361000,-0.794000,0.243000,1.594304
23,98.05,1.356000,-0.790000,0.245000,1.588352
23,99.51,1.344000,-0.784000,0.224000,1.571995
23,100.98,1.353000,-0.785000,0.223000,1.580052
23,102.44,1.357000,-0.774000,0.217000,1.577217
23,103.90,1.449000,-0.774000,0.220000,1.657431
23,105.37,1.674000,-0.752000,0.200000,1.846017
23,106.83,1.792000,-0.726000,0.181000,1.941932
23,108.29,1.882000,-0.713000,0.155000,2.018494
23,109.76,1.981000,-0.682000,0.138000,2.099650
23,111.22,2.090000,-0.664000,0.143000,2.197600
23,112.68,2.200000,-0.631000,0.119000,2.291794
23,114.15,2.292000,-0.617000,0.091000,2.375339
23,115.61,2.364000,-0.584000,0.091000,2.436767
23,117.07,2.438000,-0.556000,0.080000,2.501875
23,118.54,2.516000,-0.527000,0.049000,2.571067
23,120.00,2.577000,-0.505000,0.055000,2.626591
23,121.46,2.646000,-0.473000,0.054000,2.688487
23,122.93,2.713000,-0.448000,0.044000,2.750093
23,124.39,2.796000,-0.418000,0.029000,2.827221
23,125.85,2.893000,-0.374000,0.001000,2.917075
23,127.32,2.959000,-0.343000,-0.004000,2.978816
23,128.78,3.033000,-0.310000,-0.008000,3.048812
23,130.24,3.107000,-0.267000,-0.026000,3.118560
23,131.71,3.171000,-0.211000,-0.043000,3.178303
23,133.17,3.236000,-0.164000,-0.051000,3.240554
23,134.63,3.316000,-0.120000,-0.067000,3.318847
23,136.10,3.368000,-0.074000,-0.085000,3.369885
23,137.56,3.444000,-0.009000,-0.090000,3.445188
23,139.02,3.498000,0.033000,-0.101000,3.499613
23,140.49,3.554000,0.083000,-0.114000,3.556796
23,141.95,3.596000,0.132000,-0.126000,3.600627
23,143.41,3.658000,0.213000,-0.141000,3.666908
23,144.88,3.692000,0.258000,-0.157000,3.704332
23,146.34,3.725000,0.307000,-0.157000,3.740925
23,147.80,3.764000,0.364000,-0.170000,3.785379
23,149.27,3.801000,0.419000,-0.163000,3.827497
23,150.73,3.826000,0.488000,-0.194000,3.861872
23,152.20,3.840000,0.555000,-0.203000,3.885207
23,153.66,3.871000,0.614000,-0.196000,3.924290
23,155.12,3.884000,0.669000,-0.207000,3.946627
23,156.59,3.892000,0.731000,-0.220000,3.966160
23,158.05,3.902000,0.803000,-0.220000,3.989839
23,159.51,3.908000,0.860000,-0.236000,4.008461
23,160.98,3.902000,0.924000,-0.223000,4.016106
23,162.44,3.898000,0.982000,-0.234000,4.026597
23,163.90,3.890000,1.045000,-0.242000,4.035181
23,165.37,3.860000,1.116000,-0.244000,4.025493
23,166.83,3.850000,1.172000,-0.245000,4.031887
23,168.29,3.831000,1.229000,-0.250000,4.031067
23,169.76,3.798000,1.292000,-0.245000,4.019215
23,171.22,3.767000,1.342000,-0.249000,4.006651
23,172.68,3.730000,1.421000,-0.246000,3.999082
23,174.15,3.684000,1.473000,-0.249000,3.975372
23,175.61,3.642000,1.529000,-0.246000,3.957590
23,177.07,3.591000,1.584000,-0.255000,3.933111
23,178.54,3.541000,1.647000,-0.247000,3.913093
23,180.00,3.471000,1.710000,-0.235000,3.876489
23,181.46,3.413000,1.759000,-0.232000,3.846619
23,182.93,3.362000,1.808000,-0.236000,3.824605
23,184.39,3.293000,1.863000,-0.224000,3.790092
23,185.85,3.220000,1.902000,-0.220000,3.746252
23,187.32,3.145000,1.958000,-0.214000,3.710874
23,188.78,3.061000,2.000000,-0.208000,3.662374
23,190.24,2.989000,2.046000,-0.199000,3.627649
23,191.71,2.911000,2.092000,-0.199000,3.590263
23,193.17,2.815000,2.125000,-0.187000,3.531971
23,194.63,2.693000,2.180000,-0.177000,3.469291
23,196.10,2.620000,2.216000,-0.163000,3.435349
23,197.56,2.528000,2.255000,-0.155000,3.391141
23,199.02,2.437000,2.279000,-0.143000,3.339650
23,200.49,2.350000,2.313000,-0.130000,3.299904
23,201.95,2.218000,2.345000,-0.129000,3.230354
23,203.41,2.127000,2.374000,-0.122000,3.189810
23,204.88,2.024000,2.408000,-0.103000,3.147324
23,206.34,1.916000,2.426000,-0.094000,3.092793
23,207.80,1.790000,2.455000,-0.084000,3.039438
23,209.27,1.674000,2.480000,-0.067000,2.992852
23,210.73,1.570000,2.495000,-0.049000,2.948275
23,212.20,1.460000,2.503000,-0.044000,2.898024
23,213.66,1.348000,2.514000,-0.029000,2.852743
23,215.12,1.206000,2.530000,-0.023000,2.802832
23,216.59,1.100000,2.541000,0.005000,2.768882
23,218.05,0.983000,2.544000,0.025000,2.727426
23,219.51,0.867000,2.546000,0.034000,2.689788
23,220.98,0.753000,2.556000,0.055000,2.665177
23,222.44,0.635000,2.557000,0.066000,2.635494
23,223.90,0.526000,2.561000,0.084000,2.615808
23,225.37,0.400000,2.552000,0.093000,2.584831
23,226.83,0.282000,2.540000,0.107000,2.557845
23,228.29,0.171000,2.535000,0.113000,2.543272
23,229.76,0.050000,2.527000,0.132000,2.530939
23,231.22,-0.063000,2.515000,0.165000,2.521194
23,232.68,-0.178000,2.502000,0.174000,2.514352
23,234.15,-0.294000,2.483000,0.193000,2.507783
23,235.61,-0.405000,2.458000,0.207000,2.499728
23,237.07,-0.523000,2.439000,0.220000,2.504127
23,238.54,-0.660000,2.404000,0.249000,2.505358
23,240.00,-0.764000,2.393000,0.264000,2.525835
23,241.46,-0.866000,2.357000,0.271000,2.525638
23,242.93,-0.976000,2.332000,0.288000,2.544355
23,244.39,-1.083000,2.301000,0.302000,2.560995
23,245.85,-1.229000,2.254000,0.336000,2.589180
23,247.32,-1.333000,2.220000,0.341000,2.611814
23,248.78,-1.443000,2.184000,0.372000,2.643953
23,250.24,-1.542000,2.134000,0.359000,2.657179
23,251.71,-1.647000,2.091000,0.378000,2.688452
23,253.17,-1.756000,2.032000,0.406000,2.716136
23,254.63,-1.842000,1.990000,0.418000,2.743681
23,256.10,-1.920000,1.945000,0.435000,2.767427
23,257.56,-1.997000,1.902000,0.459000,2.795764
23,259.02,-2.059000,1.861000,0.467000,2.814408
23,260.49,-2.143000,1.799000,0.467000,2.836713
23,261.95,-2.207000,1.766000,0.474000,2.866057
23,263.41,-2.260000,1.711000,0.494000,2.877352
23,264.88,-2.310000,1.672000,0.510000,2.896858
23,266.34,-2.360000,1.630000,0.522000,2.915302
23,267.80,-2.416000,1.566000,0.532000,2.927872
23,269.27,-2.461000,1.519000,0.535000,2.941106
23,270.73,-2.509000,1.472000,0.547000,2.959911
23,272.20,-2.544000,1.410000,0.563000,2.962601
23,273.66,-2.581000,1.368000,0.552000,2.972825
23,275.12,-2.619000,1.303000,0.580000,2.982175
23,276.59,-2.656000,1.259000,0.582000,2.996355
23,278.05,-2.686000,1.203000,0.585000,3.000672
23,279.51,-2.716000,1.152000,0.586000,3.007849
23,280.98,-2.734000,1.089000,0.601000,3.003644
23,282.44,-2.751000,1.038000,0.611000,3.003126
23,283.90,-2.763000,0.984000,0.615000,2.996773
23,285.37,-2.774000,0.935000,0.622000,2.992689
23,286.83,-2.779000,0.886000,0.623000,2.982611
23,288.29,-2.790000,0.816000,0.632000,2.974791
23,289.76,-2.784000,0.768000,0.629000,2.955693
23,291.22,-2.780000,0.722000,0.636000,2.941799
23,292.68,-2.773000,0.662000,0.642000,2.922317
23,294.15,-2.764000,0.611000,0.647000,2.903726
23,295.61,-2.751000,0.547000,0.648000,2.878735
23,297.07,-2.730000,0.494000,0.656000,2.850837
23,298.54,-2.709000,0.434000,0.655000,2.820649
23,300.00,-2.686000,0.396000,0.653000,2.792458
23,301.46,-2.649000,0.345000,0.660000,2.751695
23,302.93,-2.598000,0.288000,0.654000,2.694488
23,304.39,-2.572000,0.245000,0.660000,2.666610
23,305.85,-2.532000,0.183000,0.649000,2.620251
23,307.32,-2.491000,0.142000,0.655000,2.579587
23,308.78,-2.450000,0.093000,0.645000,2.535187
23,310.24,-2.394000,0.036000,0.650000,2.480934
23,311.71,-2.351000,-0.008000,0.643000,2.437358
23,313.17,-2.297000,-0.046000,0.642000,2.385475
23,314.63,-2.240000,-0.096000,0.632000,2.329429
23,316.10,-2.175000,-0.139000,0.636000,2.270340
23,317.56,-2.116000,-0.174000,0.625000,2.213223
23,319.02,-2.045000,-0.232000,0.612000,2.147183
23,320.49,-1.969000,-0.269000,0.619000,2.081462
23,321.95,-1.887000,-0.320000,0.612000,2.009406
23,323.41,-1.812000,-0.363000,0.606000,1.944826
23,324.88,-1.738000,-0.388000,0.591000,1.876291
23,326.34,-1.653000,-0.431000,0.587000,1.806305
23,327.80,-1.565000,-0.472000,0.579000,1.734142
23,329.27,-1.471000,-0.501000,0.576000,1.657292
23,330.73,-1.390000,-0.530000,0.565000,1.591297
23,332.20,-1.283000,-0.563000,0.545000,1.503357
23,333.66,-1.204000,-0.590000,0.544000,1.446946
23,335.12,-1.121000,-0.611000,0.548000,1.389340
23,336.59,-1.004000,-0.640000,0.524000,1.300843
23,338.05,-0.911000,-0.669000,0.507000,1.238762
23,339.51,-0.794000,-0.689000,0.511000,1.168879
23,340.98,-0.710000,-0.710000,0.488000,1.116398
23,342.44,-0.616000,-0.729000,0.472000,1.064745
23,343.90,-0.494000,-0.757000,0.467000,1.017435
23,345.37,-0.397000,-0.772000,0.455000,0.980111
23,346.83,-0.272000,-0.785000,0.441000,0.940580
23,348.29,-0.178000,-0.794000,0.419000,0.915249
23,349.76,-0.074000,-0.799000,0.423000,0.907087
23,351.22,0.058000,-0.817000,0.400000,0.911511
23,352.68,0.156000,-0.816000,0.385000,0.915651
23,354.15,0.263000,-0.826000,0.371000,0.942914
23,355.61,0.370000,-0.830000,0.356000,0.975980
23,357.07,0.499000,-0.834000,0.338000,1.028981
23,358.54,0.605000,-0.834000,0.332000,1.082499
24,0.00,0.715000,-0.839000,0.322000,1.148403
24,1.46,0.815000,-0.829000,0.313000,1.203925
24,2.93,0.924000,-0.824000,0.285000,1.270424
24,4.39,1.051000,-0.816000,0.271000,1.357902
24,5.85,1.161000,-0.812000,0.259000,1.440259
24,7.32,1.189000,-0.811000,0.263000,1.463083
24,8.78,1.159000,-0.802000,0.285000,1.437953
24,10.24,1.154000,-0.804000,0.270000,1.432142
24,11.71,1.156000,-0.798000,0.275000,1.431351
24,13.17,1.144000,-0.804000,0.271000,1.424287
24,14.63,1.151000,-0.801000,0.268000,1.427665
24,16.10,1.153000,-0.802000,0.266000,1.429465
24,17.56,1.157000,-0.796000,0.278000,1.431625
24,19.02,1.152000,-0.796000,0.273000,1.426622
24,20.49,1.156000,-0.797000,0.274000,1.430602
24,21.95,1.151000,-0.802000,0.253000,1.425487
24,23.41,1.155000,-0.805000,0.270000,1.433510
24,24.88,1.158000,-0.806000,0.269000,1.436301
24,26.34,1.149000,-0.805000,0.273000,1.429250
24,27.80,1.154000,-0.803000,0.275000,1.432533
24,29.27,1.156000,-0.797000,0.273000,1.430410
24,30.73,1.158000,-0.796000,0.272000,1.431281
24,32.20,1.151000,-0.806000,0.253000,1.427742
24,33.66,1.154000,-0.799000,0.275000,1.430294
24,35.12,1.158000,-0.796000,0.265000,1.429967
24,36.59,1.156000,-0.802000,0.264000,1.431515
24,38.05,1.160000,-0.803000,0.275000,1.437371
24,39.51,1.157000,-0.801000,0.263000,1.431579
24,40.98,1.151000,-0.808000,0.265000,1.431045
24,42.44,1.156000,-0.799000,0.269000,1.430768
24,43.90,1.151000,-0.802000,0.261000,1.426929
24,45.37,1.157000,-0.798000,0.264000,1.430087
24,46.83,1.156000,-0.800000,0.267000,1.430952
24,48.29,1.159000,-0.798000,0.271000,1.433013
24,49.76,1.160000,-0.804000,0.262000,1.435500
24,51.22,1.154000,-0.801000,0.274000,1.431221
24,52.68,1.151000,-0.804000,0.259000,1.427690
24,54.15,1.151000,-0.801000,0.268000,1.427665
24,55.61,1.150000,-0.804000,0.269000,1.428733
24,57.07,1.149000,-0.804000,0.269000,1.427928
24,58.54,1.150000,-0.803000,0.268000,1.427982
24,60.00,1.153000,-0.806000,0.257000,1.430068
24,61.46,1.136000,-0.783000,0.268000,1.405492
24,62.93,1.126000,-0.782000,0.270000,1.397247
24,64.39,1.111000,-0.757000,0.262000,1.369677
24,65.85,1.115000,-0.743000,0.265000,1.365833
24,67.32,1.106000,-0.740000,0.274000,1.358643
24,68.78,1.106000,-0.740000,0.260000,1.355889
24,70.24,1.094000,-0.738000,0.267000,1.346391
24,71.71,1.098000,-0.741000,0.253000,1.348590
24,73.17,1.098000,-0.740000,0.264000,1.350148
24,74.63,1.098000,-0.742000,0.268000,1.352033
24,76.10,1.105000,-0.742000,0.252000,1.354656
24,77.56,1.095000,-0.740000,0.265000,1.347906
24,79.02,1.099000,-0.736000,0.267000,1.349365
24,80.49,1.101000,-0.737000,0.265000,1.351146
24,81.95,1.097000,-0.739000,0.268000,1.349575
24,83.41,1.105000,-0.740000,0.267000,1.356434
24,84.88,1.098000,-0.735000,0.263000,1.347219
24,86.34,1.100000,-0.741000,0.258000,1.351164
24,87.80,1.094000,-0.744000,0.268000,1.349887
24,89.27,1.102000,-0.737000,0.262000,1.351376
24,90.73,1.105000,-0.738000,0.259000,1.353791
24,92.20,1.071000,-0.709000,0.223000,1.303630
24,93.66,1.179000,-0.744000,0.264000,1.418899
24,95.12,1.247000,-0.735000,0.236000,1.466605
24,96.59,1.255000,-0.728000,0.245000,1.471405
24,98.05,1.244000,-0.728000,0.241000,1.461370
24,99.51,1.260000,-0.730000,0.230000,1.474246
24,100.98,1.369000,-0.719000,0.224000,1.562465
24,102.44,1.479000,-0.708000,0.216000,1.653893
24,103.90,1.553000,-0.690000,0.192000,1.710197
24,105.37,1.655000,-0.677000,0.180000,1.797152
24,106.83,1.753000,-0.658000,0.171000,1.880216
24,108.29,1.848000,-0.635000,0.158000,1.960432
24,109.76,1.928000,-0.618000,0.141000,2.029529
24,111.22,2.015000,-0.601000,0.128000,2.106611
24,112.68,2.121000,-0.569000,0.109000,2.198700
24,114.15,2.196000,-0.537000,0.104000,2.263095
24,115.61,2.277000,-0.511000,0.104000,2.335951
24,117.07,2.346000,-0.488000,0.086000,2.397761
24,118.54,2.413000,-0.459000,0.074000,2.457382
24,120.00,2.500000,-0.432000,0.056000,2.537668
24,121.46,2.574000,-0.410000,0.050000,2.606928
24,122.93,2.641000,-0.378000,0.039000,2.668199
24,124.39,2.708000,-0.349000,0.028000,2.730540
24,125.85,2.773000,-0.314000,0.014000,2.790756
24,127.32,2.886000,-0.274000,0.015000,2.899017
24,128.78,2.948000,-0.231000,-0.015000,2.957075
24,130.24,3.006000,-0.191000,-0.024000,3.012158
24,131.71,3.089000,-0.142000,-0.031000,3.092418
24,133.17,3.146000,-0.100000,-0.045000,3.147911
24,134.63,3.215000,-0.057000,-0.069000,3.216245
24,136.10,3.270000,-0.004000,-0.072000,3.270795
24,137.56,3.329000,0.039000,-0.087000,3.330365
24,139.02,3.394000,0.093000,-0.093000,3.396547
24,140.49,3.440000,0.147000,-0.106000,3.444771
24,141.95,3.482000,0.213000,-0.124000,3.490712
24,143.41,3.517000,0.252000,-0.128000,3.528339
24,144.88,3.553000,0.310000,-0.140000,3.569245
24,146.34,3.609000,0.378000,-0.152000,3.631924
24,147.80,3.631000,0.418000,-0.171000,3.658979
24,149.27,3.656000,0.476000,-0.172000,3.690867
24,150.73,3.683000,0.526000,-0.172000,3.724345
24,152.20,3.701000,0.593000,-0.194000,3.753223
24,153.66,3.714000,0.661000,-0.199000,3.777607
24,155.12,3.731000,0.718000,-0.201000,3.804771
24,156.59,3.737000,0.771000,-0.202000,3.821049
24,158.05,3.734000,0.827000,-0.213000,3.830412
24,159.51,3.743000,0.880000,-0.215000,3.851061
24,160.98,3.732000,0.952000,-0.222000,3.857903
24,162.44,3.727000,1.010000,-0.226000,3.868036
24,163.90,3.712000,1.065000,-0.228000,3.868482
24,165.37,3.696000,1.113000,-0.237000,3.867215
24,166.83,3.683000,1.164000,-0.244000,3.870261
24,168.29,3.643000,1.240000,-0.235000,3.855421
24,169.76,3.613000,1.298000,-0.230000,3.845968
24,171.22,3.590000,1.351000,-0.241000,3.843356
24,172.68,3.556000,1.396000,-0.221000,3.826590
24,174.15,3.518000,1.461000,-0.239000,3.816800
24,175.61,3.456000,1.527000,-0.244000,3.786186
24,177.07,3.419000,1.578000,-0.226000,3.772363
24,178.54,3.364000,1.628000,-0.234000,3.744548
24,180.00,3.311000,1.675000,-0.228000,3.717570
24,181.46,3.256000,1.717000,-0.223000,3.687730
24,182.93,3.184000,1.782000,-0.226000,3.655743
24,184.39,3.122000,1.826000,-0.219000,3.623413
24,185.85,3.053000,1.865000,-0.207000,3.583557
24,187.32,2.989000,1.914000,-0.206000,3.555271
24,188.78,2.917000,1.950000,-0.205000,3.514742
24,190.24,2.824000,2.003000,-0.188000,3.467323
24,191.71,2.740000,2.038000,-0.187000,3.419943
24,193.17,2.657000,2.082000,-0.177000,3.380193
24,194.63,2.581000,2.119000,-0.172000,3.343846
24,196.10,2.499000,2.152000,-0.168000,3.302170
24,197.56,2.387000,2.188000,-0.154000,3.241732
24,199.02,2.298000,2.222000,-0.139000,3.199595
24,200.49,2.203000,2.252000,-0.133000,3.153157
24,201.95,2.108000,2.272000,-0.117000,3.101506
24,203.41,2.009000,2.299000,-0.109000,3.055055
24,204.88,1.893000,2.330000,-0.091000,3.003436
24,206.34,1.789000,2.349000,-0.097000,2.954273
24,207.80,1.683000,2.370000,-0.081000,2.907912
24,209.27,1.584000,2.390000,-0.074000,2.868211
24,210.73,1.477000,2.410000,-0.063000,2.827295
24,212.20,1.343000,2.420000,-0.037000,2.767927
24,213.66,1.241000,2.435000,-0.023000,2.733100
24,215.12,1.127000,2.443000,-0.010000,2.690442
24,216.59,1.016000,2.449000,0.000000,2.651388
24,218.05,0.907000,2.454000,0.005000,2.616255
24,219.51,0.801000,2.453000,0.022000,2.580561
24,220.98,0.697000,2.460000,0.043000,2.557197
24,222.44,0.585000,2.455000,0.061000,2.524474
24,223.90,0.475000,2.462000,0.065000,2.508245
24,225.37,0.369000,2.462000,0.084000,2.490916
24,226.83,0.262000,2.454000,0.099000,2.469931
24,228.29,0.161000,2.446000,0.111000,2.453805
24,229.76,0.050000,2.437000,0.115000,2.440224
24,231.22,-0.053000,2.428000,0.146000,2.432963
24,232.68,-0.161000,2.416000,0.161000,2.426705
24,234.15,-0.298000,2.394000,0.174000,2.418743
24,235.61,-0.401000,2.385000,0.182000,2.425314
24,237.07,-0.510000,2.362000,0.204000,2.425028
24,238.54,-0.610000,2.339000,0.230000,2.428152
24,240.00,-0.716000,2.316000,0.243000,2.436301
24,241.46,-0.836000,2.288000,0.263000,2.450104
24,242.93,-0.941000,2.260000,0.260000,2.461845
24,244.39,-1.057000,2.228000,0.270000,2.480753
24,245.85,-1.151000,2.190000,0.304000,2.492653
24,247.32,-1.248000,2.165000,0.306000,2.517611
24,248.78,-1.369000,2.118000,0.319000,2.542016
24,250.24,-1.473000,2.080000,0.349000,2.572534
24,251.71,-1.562000,2.035000,0.354000,2.589669
24,253.17,-1.646000,1.989000,0.374000,2.608699
24,254.63,-1.736000,1.943000,0.371000,2.631841
24,256.10,-1.839000,1.896000,0.403000,2.671918
24,257.56,-1.898000,1.854000,0.418000,2.685972
24,259.02,-1.961000,1.810000,0.418000,2.701175
24,260.49,-2.026000,1.774000,0.438000,2.728295
24,261.95,-2.085000,1.733000,0.449000,2.748111
24,263.41,-2.152000,1.678000,0.448000,2.765410
24,264.88,-2.210000,1.638000,0.466000,2.790036
24,266.34,-2.254000,1.592000,0.477000,2.800448
24,267.80,-2.304000,1.539000,0.487000,2.813202
24,269.27,-2.353000,1.495000,0.493000,2.831022
24,270.73,-2.392000,1.435000,0.506000,2.834947
24,272.20,-2.433000,1.389000,0.522000,2.849788
24,273.66,-2.465000,1.341000,0.527000,2.855212
24,275.12,-2.494000,1.295000,0.536000,2.860832
24,276.59,-2.532000,1.236000,0.544000,2.869609
24,278.05,-2.560000,1.177000,0.536000,2.868140
24,279.51,-2.580000,1.123000,0.555000,2.868023
24,280.98,-2.601000,1.068000,0.561000,2.867149
24,282.44,-2.615000,1.026000,0.567000,2.865727
24,283.90,-2.633000,0.972000,0.586000,2.867206
24,285.37,-2.632000,0.909000,0.575000,2.843296
24,286.83,-2.634000,0.864000,0.596000,2.835431
24,288.29,-2.650000,0.815000,0.593000,2.835203
24,289.76,-2.641000,0.764000,0.595000,2.812935
24,291.22,-2.641000,0.714000,0.597000,2.800194
24,292.68,-2.624000,0.646000,0.608000,2.769902
24,294.15,-2.611000,0.600000,0.614000,2.748512
24,295.61,-2.598000,0.547000,0.615000,2.725259
24,297.07,-2.582000,0.499000,0.614000,2.700504
24,298.54,-2.565000,0.446000,0.609000,2.673766
24,300.00,-2.532000,0.387000,0.608000,2.632576
24,301.46,-2.501000,0.334000,0.602000,2.594024
24,302.93,-2.476000,0.296000,0.610000,2.567156
24,304.39,-2.446000,0.256000,0.612000,2.534363
24,305.85,-2.405000,0.199000,0.604000,2.487658
24,307.32,-2.362000,0.145000,0.606000,2.442807
24,308.78,-2.315000,0.101000,0.606000,2.395133
24,310.24,-2.274000,0.059000,0.601000,2.352819
24,311.71,-2.220000,0.016000,0.594000,2.298150
24,313.17,-2.159000,-0.029000,0.602000,2.241545
24,314.63,-2.114000,-0.070000,0.590000,2.195904
24,316.10,-2.057000,-0.100000,0.592000,2.142828
24,317.56,-1.981000,-0.139000,0.593000,2.072518
24,319.02,-1.926000,-0.181000,0.580000,2.019564
24,320.49,-1.849000,-0.226000,0.576000,1.949783
24,321.95,-1.783000,-0.269000,0.574000,1.892333
24,323.41,-1.723000,-0.309000,0.573000,1.841885
24,324.88,-1.630000,-0.354000,0.557000,1.758541
24,326.34,-1.554000,-0.381000,0.553000,1.692893
24,327.80,-1.465000,-0.418000,0.547000,1.618690
24,329.27,-1.393000,-0.445000,0.535000,1.557145
24,330.73,-1.316000,-0.471000,0.534000,1.496280
24,332.20,-1.220000,-0.503000,0.516000,1.416921
24,333.66,-1.136000,-0.524000,0.523000,1.355950
24,335.12,-1.027000,-0.554000,0.507000,1.272279
24,336.59,-0.944000,-0.578000,0.506000,1.217069
24,338.05,-0.834000,-0.602000,0.489000,1.138895
24,339.51,-0.749000,-0.632000,0.463000,1.083879
24,340.98,-0.654000,-0.646000,0.465000,1.030173
24,342.44,-0.540000,-0.662000,0.457000,0.968862
24,343.90,-0.446000,-0.685000,0.438000,0.927354
24,345.37,-0.331000,-0.689000,0.422000,0.873136
24,346.83,-0.231000,-0.707000,0.424000,0.856146
24,348.29,-0.137000,-0.723000,0.408000,0.841405
24,349.76,-0.021000,-0.733000,0.392000,0.831501
24,351.22,0.084000,-0.739000,0.388000,0.838881
24,352.68,0.185000,-0.750000,0.360000,0.852247
24,354.15,0.308000,-0.749000,0.362000,0.887079
24,355.61,0.411000,-0.765000,0.352000,0.937043
24,357.07,0.507000,-0.768000,0.321000,0.974635
24,358.54,0.604000,-0.757000,0.324000,1.021196
